name, average, error
mag,0.102968,0.00179308
mag2,0.0167746,0.000642961
mag4,0.000851002,7.88533e-05
cluster size,5.643,0.108186
a_mag,0.132708,0.00146604
a_mag2,0.0273614,0.000556259
sx,0.314732,0.00132707
loc,0.169048,0.00178735
