name, average, error
mag,0.059982,0.000883515
mag2,0.00667478,0.000261684
mag4,0.00025494,3.20229e-05
cluster size,133.201,0.804795
a_mag,0.807954,0.00183317
a_mag2,0.668426,0.00262745
sx,0.09827,0.000709261
loc,0.808522,0.00176279
