name, average, error
mag,6e-06,3.05505e-06
mag2,6e-08,3.05505e-08
mag4,6e-12,3.05505e-12
cluster size,199.999,0.000520683
a_mag,0.999994,3.05505e-06
a_mag2,0.999988,6.07955e-06
sx,6e-06,3.05505e-06
loc,0.999994,3.05505e-06
