name, average, error
mag,1.06667e-05,2.66667e-06
mag2,3.55556e-08,8.88889e-09
mag4,3.95062e-13,9.87654e-14
cluster size,599.994,0.00129271
a_mag,0.999989,2.66667e-06
a_mag2,0.999979,5.32444e-06
sx,1.06667e-05,2.66667e-06
loc,0.999989,2.66667e-06
