name, average, error
mag,0.0006168,0.0003049
mag2,0.000600021,0.000305504
mag4,0.0006,0.000305505
cluster size,1998.77,0.442167
a_mag,0.999383,0.0003049
a_mag2,0.999366,0.000304308
sx,1.52e-05,1.43604e-06
loc,0.999983,2.00444e-06
