name, average, error
mag,3.8e-06,5.53775e-07
mag2,3.8e-09,5.53775e-10
mag4,3.8e-15,5.53775e-16
cluster size,1999.99,0.000963789
a_mag,0.999996,5.53775e-07
a_mag2,0.999992,1.107e-06
sx,3.8e-06,5.53775e-07
loc,0.999996,5.53775e-07
