name, average, error
mag,0.263677,0.00646186
mag2,0.256356,0.00647707
mag4,0.251675,0.00640732
cluster size,4377.23,28.4411
a_mag,0.735799,0.00645395
a_mag2,0.728341,0.00644309
sx,0.000386267,5.57348e-06
loc,0.990625,0.000412453
