name, average, error
mag,0.133035,0.00609738
mag2,0.132992,0.00609696
mag4,0.132984,0.00609655
cluster size,5191.57,19.538
a_mag,0.866964,0.00609726
a_mag2,0.866921,0.00609749
sx,2.75333e-05,1.53655e-06
loc,0.999956,2.98176e-06
