name, average, error
mag,2.4e-06,6.53197e-07
mag2,2.4e-09,6.53197e-10
mag4,2.4e-15,6.53197e-16
cluster size,2000,0.000791623
a_mag,0.999998,6.53197e-07
a_mag2,0.999995,1.30574e-06
sx,2.4e-06,6.53197e-07
loc,0.999998,6.53197e-07
