name, average, error
mag,0.106415,0.00405256
mag2,0.106397,0.00405255
mag4,0.106393,0.00405212
cluster size,5333.3,12.1171
a_mag,0.893585,0.00405267
a_mag2,0.893566,0.00405274
sx,1.36667e-05,8.79113e-07
loc,0.999981,1.44854e-06
