name, average, error
mag,0.0561073,0.00144356
mag2,0.00492996,0.000243623
mag4,7.22347e-05,7.04293e-06
cluster size,30.0702,0.21382
a_mag,0.0580239,0.00108713
a_mag2,0.00527753,0.000208941
sx,0.0320275,8.2867e-05
loc,0.0808399,0.00176267
