name, average, error
mag,0.067418,0.00181839
mag2,0.00721638,0.000339104
mag4,0.000153269,1.3797e-05
cluster size,1.5038,0.0109603
a_mag,0.071538,0.00204299
a_mag2,0.00795534,0.0004306
sx,0.447224,0.000964535
loc,0.09879,0.00195947
