name, average, error
mag,0.166299,0.00380716
mag2,0.166153,0.00380068
mag4,0.166097,0.00379858
cluster size,4973.87,26.5047
a_mag,0.833694,0.0038068
a_mag2,0.833544,0.00381333
sx,6.30667e-05,1.85712e-06
loc,0.999844,3.03537e-05
