name, average, error
mag,0.013166,0.000210017
mag2,0.00036566,1.6546e-05
mag4,8.9627e-07,1.51156e-07
cluster size,191.046,0.311745
a_mag,0.977618,0.000246079
a_mag2,0.956125,0.00047273
sx,0.01819,0.0001706
loc,0.977618,0.000246079
