name, average, error
mag,0.3022,0.00552532
mag2,0.3022,0.00552537
mag4,0.3022,0.00552545
cluster size,13886,56.4942
a_mag,0.6978,0.00552532
a_mag2,0.697799,0.00552527
sx,3.2e-07,1.33998e-07
loc,1,1.48474e-07
