name, average, error
mag,0.23002,0.00218392
mag2,0.0801428,0.00145337
mag4,0.0170343,0.000582801
cluster size,520.096,8.12909
a_mag,0.239493,0.00254951
a_mag2,0.0864567,0.00176905
sx,0.00618567,2.86221e-05
loc,0.338363,0.00114144
