name, average, error
mag,0.1826,0.00394462
mag2,0.1826,0.00394462
mag4,0.1826,0.00394462
cluster size,16514,34.7755
a_mag,0.8174,0.00394462
a_mag2,0.8174,0.00394462
sx,0,0
loc,1,0
