name, average, error
mag,0.0116,0.00154344
mag2,0.0116,0.00154344
mag4,0.0116,0.00154344
cluster size,5929.8,6.13514
a_mag,0.9884,0.00154344
a_mag2,0.9884,0.00154344
sx,0,0
loc,1,0
