name, average, error
mag,1.33333e-06,8.88889e-07
mag2,4.44444e-09,2.96296e-09
mag4,4.93827e-14,3.29218e-14
cluster size,599.999,0.000305505
a_mag,0.999999,8.88889e-07
a_mag2,0.999997,1.77481e-06
sx,1.33333e-06,8.88889e-07
loc,0.999999,8.88889e-07
