name, average, error
mag,0.158738,0.00158701
mag2,0.0394213,0.000723098
mag4,0.00456093,0.000197491
cluster size,58.4748,1.0949
a_mag,0.252622,0.00268777
a_mag2,0.0951365,0.0016989
sx,0.086502,0.000264486
loc,0.302359,0.00225018
