name, average, error
mag,0.017488,0.000448039
mag2,0.000881978,5.53557e-05
mag4,1.24524e-05,1.98393e-06
cluster size,563.853,0.641362
a_mag,0.968923,0.000527475
a_mag2,0.939761,0.000993022
sx,0.012978,0.000103299
loc,0.968923,0.000527475
