name, average, error
mag,0.003942,5.86856e-05
mag2,6.002e-05,1.69482e-06
mag4,4.2746e-08,7.32707e-09
cluster size,197.989,0.156414
a_mag,0.995362,8.36633e-05
a_mag2,0.990805,0.000164861
sx,0.004216,7.15418e-05
loc,0.995362,8.36633e-05
