name, average, error
mag,8e-06,2.59153e-06
mag2,2.66667e-08,8.63845e-09
mag4,2.96296e-13,9.59827e-14
cluster size,599.995,0.00111754
a_mag,0.999992,2.59153e-06
a_mag2,0.999984,5.17443e-06
sx,8e-06,2.59153e-06
loc,0.999992,2.59153e-06
