name, average, error
mag,0.122648,0.0014601
mag2,0.0240303,0.000469053
mag4,0.00176097,7.22893e-05
cluster size,25.1374,0.373672
a_mag,0.29814,0.00320682
a_mag2,0.126852,0.00211642
sx,0.224886,0.000807906
loc,0.324768,0.00306847
