name, average, error
mag,0.081376,0.00112623
mag2,0.0105134,0.00030254
mag4,0.000335922,2.7165e-05
cluster size,2.4912,0.0269208
a_mag,0.092224,0.00197924
a_mag2,0.0133183,0.000519871
sx,0.384616,0.000830843
loc,0.123524,0.00180962
