name, average, error
mag,0.0850592,0.00163145
mag2,0.0112587,0.000407523
mag4,0.000375985,2.6993e-05
cluster size,24.3574,0.235235
a_mag,0.086868,0.00112374
a_mag2,0.0117732,0.000279117
sx,0.0579206,0.000268584
loc,0.121334,0.00143572
