name, average, error
mag,0.0762853,0.00166044
mag2,0.0137909,0.000707923
mag4,0.00188155,0.000270044
cluster size,419.037,2.90982
a_mag,0.821568,0.0024294
a_mag2,0.701106,0.00322285
sx,0.0341887,0.000151994
loc,0.825988,0.00217749
