name, average, error
mag,0.409412,0.00367223
mag2,0.409362,0.00367265
mag4,0.409324,0.00366918
cluster size,11837.5,44.7818
a_mag,0.590586,0.0036725
a_mag2,0.590535,0.00367235
sx,1.28e-05,3.35989e-07
loc,0.999948,7.73793e-06
