name, average, error
mag,0.061156,0.00172599
mag2,0.00575992,0.000290305
mag4,9.16101e-05,8.62107e-06
cluster size,1,0
a_mag,0.054848,0.0019775
a_mag2,0.00472048,0.000323093
sx,0.499474,0.00203696
loc,0.081752,0.00218345
