name, average, error
mag,0.1928,0.0062695
mag2,0.1928,0.0062695
mag4,0.1928,0.0062695
cluster size,16086,72.3602
a_mag,0.8072,0.0062695
a_mag2,0.8072,0.0062695
sx,0,0
loc,1,0
