name, average, error
mag,4e-06,2.26623e-06
mag2,1.33333e-08,7.5541e-09
mag4,1.48148e-13,8.39345e-14
cluster size,599.998,0.00100885
a_mag,0.999996,2.26623e-06
a_mag2,0.999992,4.52491e-06
sx,4e-06,2.26623e-06
loc,0.999996,2.26623e-06
