name, average, error
mag,0.4654,0.0106335
mag2,0.4654,0.0106335
mag4,0.4654,0.0106335
cluster size,52990,177.921
a_mag,0.5346,0.0106335
a_mag2,0.5346,0.0106335
sx,1e-07,3.1693e-08
loc,1,5.03146e-08
