name, average, error
mag,0.491373,0.0180066
mag2,0.485174,0.017718
mag4,0.48008,0.0178349
cluster size,50343.4,365.32
a_mag,0.507775,0.0181734
a_mag2,0.501606,0.0189722
sx,0.00080056,0.000794556
loc,0.99054,0.0051414
