name, average, error
mag,0.4642,0.00586856
mag2,0.4642,0.00586856
mag4,0.4642,0.00586856
cluster size,54670,137.477
a_mag,0.5358,0.00586856
a_mag2,0.5358,0.00586856
sx,4e-09,4e-09
loc,1,4e-09
