name, average, error
mag,0.0038,0.000963789
mag2,0.0038,0.000963789
mag4,0.0038,0.000963789
cluster size,5967.6,1.83303
a_mag,0.9962,0.000963789
a_mag2,0.9962,0.000963789
sx,0,0
loc,1,0
