name, average, error
mag,0.0558802,0.00126706
mag2,0.00489473,0.000241362
mag4,7.1078e-05,7.39307e-06
cluster size,9.9206,0.110308
a_mag,0.0560878,0.00172777
a_mag2,0.00495201,0.000315169
sx,0.0922012,0.000602426
loc,0.0794446,0.0014879
