name, average, error
mag,0.4482,0.00832373
mag2,0.4482,0.00832373
mag4,0.4482,0.00832373
cluster size,55410,201.908
a_mag,0.5518,0.00832373
a_mag2,0.5518,0.00832373
sx,0,0
loc,1,0
