name, average, error
mag,0.107114,0.00152619
mag2,0.0177948,0.000514921
mag4,0.000894526,5.28265e-05
cluster size,13.1282,0.200876
a_mag,0.117369,0.000783296
a_mag2,0.0215209,0.000314443
sx,0.141215,0.000585261
loc,0.160526,0.0014919
