name, average, error
mag,0.406091,0.0375427
mag2,0.280338,0.0290774
mag4,0.188775,0.0207319
cluster size,28948.2,2884.43
a_mag,0.418787,0.0375714
a_mag2,0.292963,0.0294638
sx,0.0176232,0.0175554
loc,0.672545,0.0614289
