name, average, error
mag,8e-06,3.26599e-06
mag2,8e-08,3.26599e-08
mag4,8e-12,3.26599e-12
cluster size,199.999,0.000333333
a_mag,0.999992,3.26599e-06
a_mag2,0.999984,6.49931e-06
sx,8e-06,3.26599e-06
loc,0.999992,3.26599e-06
