name, average, error
mag,0.0210001,0.00263733
mag2,0.021,0.00263734
mag4,0.021,0.00263734
cluster size,5885.4,6.22566
a_mag,0.979,0.00263733
a_mag2,0.979,0.00263732
sx,1.33333e-07,8.88889e-08
loc,1,8.88889e-08
