name, average, error
mag,0.000653333,1.28812e-05
mag2,3.20889e-06,1.4974e-07
mag4,2.12543e-10,7.16179e-11
cluster size,598.62,0.349097
a_mag,0.999295,1.77722e-05
a_mag2,0.998593,3.54231e-05
sx,0.000613333,1.44016e-05
loc,0.999295,1.77722e-05
