name, average, error
mag,0.0382067,0.00700445
mag2,0.00295034,0.000728461
mag4,3.91327e-05,1.11517e-05
cluster size,295.817,70.7715
a_mag,0.0366459,0.00653178
a_mag2,0.00267447,0.000668889
sx,0.0864747,0.0399795
loc,0.0525607,0.00950514
