name, average, error
mag,0.000342667,1.49798e-05
mag2,1.55556e-06,9.11442e-08
mag4,8.1284e-11,2.43033e-11
cluster size,599.664,0.12092
a_mag,0.999644,1.54983e-05
a_mag2,0.99929,3.09414e-05
sx,0.000315333,1.621e-05
loc,0.999644,1.54983e-05
