name, average, error
mag,0.000264,2.7455e-05
mag2,2.96e-06,5.13636e-07
mag4,6.32e-10,3.58357e-10
cluster size,199.911,0.0400591
a_mag,0.999732,2.73577e-05
a_mag2,0.999467,5.42427e-05
sx,0.000256,2.1458e-05
loc,0.999732,2.73577e-05
