name, average, error
mag,0.000172667,8.28206e-06
mag2,7e-07,5.79721e-08
mag4,2.52593e-11,8.50226e-12
cluster size,599.896,0.00453578
a_mag,0.999822,7.63682e-06
a_mag2,0.999645,1.5232e-05
sx,0.000164,6.75497e-06
loc,0.999822,7.63682e-06
