name, average, error
mag,0.295,0.00719415
mag2,0.295,0.00719415
mag4,0.295,0.00719418
cluster size,14148,89.3036
a_mag,0.705,0.00719415
a_mag2,0.705,0.00719414
sx,2.4e-07,5.81187e-08
loc,1,5.81187e-08
