name, average, error
mag,0.373201,0.00739472
mag2,0.373197,0.00739494
mag4,0.373195,0.007395
cluster size,12611.9,77.8108
a_mag,0.626799,0.00739472
a_mag2,0.626795,0.0073945
sx,2.52e-06,1.89033e-07
loc,0.999996,4.75348e-07
