name, average, error
mag,0.00662533,0.000158124
mag2,0.000145591,1.03421e-05
mag4,5.10652e-07,9.25292e-08
cluster size,590.235,0.558812
a_mag,0.990301,0.000159229
a_mag2,0.980839,0.000309495
sx,0.00556867,6.77326e-05
loc,0.990301,0.000159229
