name, average, error
mag,0.156709,0.00169505
mag2,0.0376236,0.000740117
mag4,0.00395149,0.000165268
cluster size,84.5768,1.1639
a_mag,0.169221,0.00268759
a_mag2,0.0441745,0.00140373
sx,0.03092,0.000267853
loc,0.231918,0.00224546
