name, average, error
mag,0.0745367,0.001631
mag2,0.0087021,0.000363259
mag4,0.000221787,1.73816e-05
cluster size,5.4934,0.066238
a_mag,0.0739767,0.00114029
a_mag2,0.00865495,0.000253921
sx,0.198344,0.000837975
loc,0.105243,0.00134153
