name, average, error
mag,0.439422,0.00490985
mag2,0.41183,0.00514459
mag4,0.389573,0.00540603
cluster size,10543.6,51.6801
a_mag,0.557234,0.00496329
a_mag2,0.529631,0.00483511
sx,0.0001381,1.57572e-06
loc,0.960789,0.00129472
