name, average, error
mag,0.340601,0.00676635
mag2,0.340599,0.00676623
mag4,0.340597,0.0067662
cluster size,13036,61.1599
a_mag,0.659399,0.00676635
a_mag2,0.659397,0.00676648
sx,1.24e-06,1.14698e-07
loc,0.999998,3.70225e-07
