name, average, error
mag,0.116044,0.0167482
mag2,0.0247609,0.00414704
mag4,0.00214999,0.000382794
cluster size,2483.42,405.665
a_mag,0.114225,0.016144
a_mag2,0.0241745,0.00397367
sx,0.0451045,0.0312524
loc,0.163759,0.0233918
