name, average, error
mag,0.0794454,0.00310305
mag2,0.0550198,0.00292079
mag4,0.0469525,0.00286131
cluster size,1776.28,4.68904
a_mag,0.912533,0.00323546
a_mag2,0.882897,0.00349225
sx,0.0033558,3.28193e-05
loc,0.963123,0.000811362
