name, average, error
mag,3.6e-05,9.33333e-06
mag2,3.6e-07,9.33333e-08
mag4,3.6e-11,9.33333e-12
cluster size,199.993,0.000791623
a_mag,0.999964,9.33333e-06
a_mag2,0.999928,1.85733e-05
sx,3.6e-05,9.33333e-06
loc,0.999964,9.33333e-06
