name, average, error
mag,0.4912,0.00913203
mag2,0.491199,0.00913206
mag4,0.491197,0.00913201
cluster size,52069.9,131.699
a_mag,0.5088,0.00913203
a_mag2,0.508798,0.00913201
sx,5.56e-07,4.93333e-08
loc,0.999998,3.14398e-07
