name, average, error
mag,0.006964,0.00010753
mag2,0.000132,4.50392e-06
mag4,1.41e-07,2.44845e-08
cluster size,196,0.290557
a_mag,0.990352,0.000186814
a_mag2,0.980942,0.000364379
sx,0.008344,0.000149809
loc,0.990352,0.000186814
