name, average, error
mag,0.4576,0.008978
mag2,0.4576,0.00897799
mag4,0.4576,0.00897799
cluster size,55110,245.606
a_mag,0.5424,0.008978
a_mag2,0.5424,0.008978
sx,4e-09,4e-09
loc,1,4e-09
