name, average, error
mag,0.408783,0.00919158
mag2,0.407645,0.00923198
mag4,0.406785,0.00929088
cluster size,11546.1,51.9617
a_mag,0.591204,0.00919126
a_mag2,0.590064,0.00915384
sx,3.532e-05,1.08082e-06
loc,0.998648,0.000212414
