name, average, error
mag,0.02612,0.000360037
mag2,0.001364,4.58665e-05
mag4,1.29189e-05,1.52975e-06
cluster size,177.804,0.534985
a_mag,0.941952,0.000807059
a_mag2,0.888788,0.00146915
sx,0.041036,0.000407963
loc,0.941952,0.000807059
