name, average, error
mag,0.378404,0.00709042
mag2,0.378389,0.0070922
mag4,0.378378,0.0070927
cluster size,12359.8,60.517
a_mag,0.621595,0.00709044
a_mag2,0.62158,0.00708872
sx,5.54e-06,2.40463e-07
loc,0.999984,4.13419e-06
