name, average, error
mag,0.0864073,0.00256131
mag2,0.0863995,0.0025612
mag4,0.0863989,0.00256115
cluster size,5466.56,14.98
a_mag,0.913593,0.00256135
a_mag2,0.913585,0.00256149
sx,6.93333e-06,4.12161e-07
loc,0.999992,5.5733e-07
