name, average, error
mag,0.358913,0.00452843
mag2,0.271901,0.00430131
mag4,0.210692,0.00414233
cluster size,3029.39,21.1274
a_mag,0.60158,0.00457394
a_mag2,0.510741,0.00506263
sx,0.00145093,1.07139e-05
loc,0.851527,0.00190322
