name, average, error
mag,0.0962968,0.00124803
mag2,0.0145038,0.000347773
mag4,0.000620082,3.15814e-05
cluster size,94.1328,1.02257
a_mag,0.0985699,0.00122257
a_mag2,0.0152808,0.000379521
sx,0.0166491,0.000103145
loc,0.138113,0.00124678
