name, average, error
mag,0.0122,0.00174992
mag2,0.0122,0.00174992
mag4,0.0122,0.00174992
cluster size,5916.6,4.68621
a_mag,0.9878,0.00174992
a_mag2,0.9878,0.00174992
sx,0,0
loc,1,0
