name, average, error
mag,1.73333e-05,4.46661e-06
mag2,6.22222e-08,1.64971e-08
mag4,9.87654e-13,4.16432e-13
cluster size,599.868,0.121125
a_mag,0.999983,4.46661e-06
a_mag2,0.999965,8.9173e-06
sx,1.66667e-05,4.36031e-06
loc,0.999983,4.46661e-06
