name, average, error
mag,7.86667e-05,8.5375e-06
mag2,3.06667e-07,3.17397e-08
mag4,6.37037e-12,8.52001e-13
cluster size,599.715,0.160361
a_mag,0.999921,8.5375e-06
a_mag2,0.999843,1.70446e-05
sx,7.4e-05,8.45905e-06
loc,0.999921,8.5375e-06
