name, average, error
mag,8.2e-06,9.63789e-07
mag2,9.4e-09,1.63435e-09
mag4,1.66e-14,6.61345e-15
cluster size,1999.98,0.00137437
a_mag,0.999991,9.45163e-07
a_mag2,0.999983,1.88884e-06
sx,8e-06,7.88811e-07
loc,0.999991,9.45163e-07
