name, average, error
mag,0.0006664,0.000424533
mag2,0.000600088,0.00042687
mag4,0.0006,0.000426875
cluster size,1997.66,0.552019
a_mag,0.999332,0.000424284
a_mag2,0.999264,0.000421721
sx,5.94e-05,3.0412e-06
loc,0.999932,4.07704e-06
