name, average, error
mag,0.0558019,0.00314758
mag2,0.0557999,0.00314748
mag4,0.0557997,0.00314747
cluster size,5683.19,10.7263
a_mag,0.944198,0.00314758
a_mag2,0.944196,0.00314769
sx,1.66667e-06,3.47833e-07
loc,0.999998,4.44444e-07
