name, average, error
mag,0.4602,0.00796911
mag2,0.4602,0.00796912
mag4,0.4602,0.00796912
cluster size,53690,212.106
a_mag,0.5398,0.00796911
a_mag2,0.5398,0.00796911
sx,2e-08,8.94427e-09
loc,1,8.94427e-09
