name, average, error
mag,0.001056,4.2978e-05
mag2,1.224e-05,6.13768e-07
mag4,2.448e-09,3.21084e-10
cluster size,199.506,0.0877825
a_mag,0.998912,4.65904e-05
a_mag2,0.997837,9.2532e-05
sx,0.001044,4.49988e-05
loc,0.998912,4.65904e-05
