name, average, error
mag,2.4e-05,7.18022e-06
mag2,2.4e-07,7.18022e-08
mag4,2.4e-11,7.18022e-12
cluster size,199.996,0.000666667
a_mag,0.999976,7.18022e-06
a_mag2,0.999952,1.42886e-05
sx,2.4e-05,7.18022e-06
loc,0.999976,7.18022e-06
