name, average, error
mag,0.112117,0.00127908
mag2,0.0193835,0.000428127
mag4,0.0010442,5.49852e-05
cluster size,40.9567,1.29965
