name, average, error
mag,0.939535,0.000778105
mag2,0.884531,0.00144636
mag4,0.788369,0.00252492
cluster size,178.751,0.912982
