name, average, error
mag,0.0478867,0.000554943
mag2,0.00349304,7.98438e-05
mag4,3.40099e-05,1.94872e-06
cluster size,7.02925,0.137599
