name, average, error
mag,0.975528,0.000198209
mag2,0.951778,0.000385043
mag4,0.906347,0.000727063
cluster size,763.55,2.03583
