name, average, error
mag,0.975551,5.82736e-05
mag2,0.951726,0.000113795
mag4,0.90588,0.000216991
cluster size,3790.53,5.92097
