name, average, error
mag,0.808564,0.000680948
mag2,0.654713,0.000995338
mag4,0.430511,0.00118201
cluster size,5260.9,35.6131
