name, average, error
mag,0.898223,0.000642934
mag2,0.808901,0.00112023
mag4,0.660726,0.00172086
cluster size,323.658,1.71629
