name, average, error
mag,0.24741,0.0020144
mag2,0.0891866,0.00150302
mag4,0.0183229,0.000657489
cluster size,36.0095,1.02439
