name, average, error
mag,0.20969,0.00177585
mag2,0.0660309,0.000992051
mag4,0.0110434,0.000350777
cluster size,12.42,0.294618
