name, average, error
mag,0.31307,0.00243136
mag2,0.128899,0.00155062
mag4,0.0298842,0.000591673
cluster size,506.944,11.6119
