name, average, error
mag,0.070955,0.00107361
mag2,0.00781556,0.000231265
mag4,0.000182352,1.06155e-05
cluster size,3.0595,0.0555213
