name, average, error
mag,0.547505,0.00200745
mag2,0.343732,0.00215019
mag4,0.158234,0.00181518
cluster size,139.415,1.95204
