name, average, error
mag,0.103734,0.000887986
mag2,0.0167492,0.000279023
mag4,0.000816093,3.56979e-05
cluster size,13.193,0.230048
