name, average, error
mag,0.107687,0.00118339
mag2,0.0179384,0.000392624
mag4,0.000917643,4.4403e-05
cluster size,6.7055,0.0863559
