name, average, error
mag,0.975571,0.000282953
mag2,0.951986,0.00054726
mag4,0.907196,0.0010248
cluster size,381.716,0.75359
