name, average, error
mag,0.176139,0.00168241
mag2,0.0463839,0.000829624
mag4,0.00552922,0.000203046
cluster size,37.6118,0.945322
