name, average, error
mag,0.939177,0.000414204
mag2,0.882944,0.000764712
mag4,0.782618,0.00131419
cluster size,351.664,1.40785
