name, average, error
mag,0.939141,0.000162536
mag2,0.882171,0.000301665
mag4,0.778874,0.000520488
cluster size,1762.4,5.83749
