name, average, error
mag,0.0218938,0.000236925
mag2,0.000757669,1.25425e-05
mag4,1.73826e-06,6.67946e-08
cluster size,3.07975,0.0712287
