name, average, error
mag,0.939235,0.000100005
mag2,0.882253,0.000186927
mag4,0.778691,0.000326618
cluster size,3534.53,12.7726
