name, average, error
mag,0.0745956,0.000685772
mag2,0.00863688,0.000165966
mag4,0.000217134,1.08516e-05
cluster size,6.99725,0.139213
