name, average, error
mag,0.149036,0.00181662
mag2,0.0340339,0.000731265
mag4,0.00324228,0.000136492
cluster size,13.8398,0.402353
