name, average, error
mag,0.808613,0.000928545
mag2,0.65649,0.00131806
mag4,0.436483,0.00146562
cluster size,1319.16,8.00054
