name, average, error
mag,0.033263,0.000428933
mag2,0.00172573,4.72432e-05
mag4,8.72259e-06,5.1151e-07
cluster size,7.152,0.126266
