name, average, error
mag,0.898133,0.000168601
mag2,0.806752,0.000302872
mag4,0.651197,0.000489266
cluster size,6503.55,23.6573
