name, average, error
mag,0.939256,5.39941e-05
mag2,0.882249,0.000101454
mag4,0.77853,0.000179167
cluster size,7041.02,24.0152
