name, average, error
mag,0.0327086,0.000180579
mag2,0.00167881,2.02163e-05
mag4,8.48215e-06,3.21684e-07
cluster size,12.8577,0.398875
