name, average, error
mag,0.476652,0.00412429
mag2,0.270911,0.00339655
mag4,0.105363,0.00186877
cluster size,218.161,4.72047
