name, average, error
mag,0.897381,0.000882788
mag2,0.806719,0.00146865
mag4,0.654481,0.00224751
cluster size,641.678,4.12927
