name, average, error
mag,0.0313888,0.000318444
mag2,0.00156548,2.75344e-05
mag4,7.74119e-06,4.33184e-07
cluster size,3.02275,0.0371791
