name, average, error
mag,0.589515,0.00313109
mag2,0.395434,0.00316475
mag4,0.206398,0.00277539
cluster size,78.974,0.962228
