name, average, error
mag,0.230955,0.00155726
mag2,0.0754482,0.000835949
mag4,0.0121097,0.000209597
cluster size,626.642,13.2914
