name, average, error
mag,0.0559427,0.000861441
mag2,0.00482381,0.00014211
mag4,6.62142e-05,4.28753e-06
cluster size,40.557,0.908959
