name, average, error
mag,0.0798897,0.00116904
mag2,0.00985136,0.000281977
mag4,0.000282562,1.29844e-05
cluster size,42.8257,0.751744
