name, average, error
mag,0.0502706,0.000600491
mag2,0.00397453,9.47462e-05
mag4,4.79112e-05,2.51938e-06
cluster size,3.16775,0.0242683
