name, average, error
mag,0.393764,0.00423098
mag2,0.193953,0.00286348
mag4,0.0597847,0.00115513
cluster size,394.611,9.21748
