name, average, error
mag,0.809569,0.000955608
mag2,0.661485,0.0010727
mag4,0.448831,0.00116468
cluster size,530.064,3.99586
