name, average, error
mag,0.975365,0.000128585
mag2,0.95139,0.000251378
mag4,0.90534,0.000480415
cluster size,1903.95,5.02589
