name, average, error
mag,0.0464879,0.000488376
mag2,0.00340707,6.07353e-05
mag4,3.50739e-05,1.10804e-06
cluster size,14.0665,0.263329
