name, average, error
mag,0.975477,5.41402e-05
mag2,0.951567,0.000105601
mag4,0.90553,0.000200893
cluster size,7619.01,9.62108
