name, average, error
mag,0.898334,0.000295408
mag2,0.807234,0.000523883
mag4,0.652347,0.00082963
cluster size,3233.35,14.3662
