name, average, error
mag,0.939567,0.000319366
mag2,0.883243,0.000595952
mag4,0.7817,0.00104218
cluster size,706.308,2.98698
