name, average, error
mag,0.808292,0.000772589
mag2,0.655008,0.00117014
mag4,0.432297,0.00145168
cluster size,2587.57,25.2383
