name, average, error
mag,0.0151242,0.000342672
mag2,0.000366176,1.65948e-05
mag4,4.29015e-07,4.09024e-08
cluster size,3.10775,0.0512096
