name, average, error
mag,0.810979,0.00172934
mag2,0.667174,0.00248967
mag4,0.463411,0.00292246
cluster size,266.531,2.02527
