name, average, error
mag,0.898084,0.000453228
mag2,0.807006,0.000791533
mag4,0.65268,0.00121922
cluster size,1598.7,8.99266
