name, average, error
mag,0.0232748,0.000258045
mag2,0.000857515,2.04708e-05
mag4,2.34838e-06,1.71424e-07
cluster size,6.97775,0.163637
