name, average, error
mag,0.210731,0.00265275
mag2,0.0679638,0.00172897
mag4,0.0123,0.000654271
cluster size,665.422,14.4997
