name, average, error
mag,0.819306,0.00379556
mag2,0.706178,0.00447362
mag4,0.550639,0.00445264
cluster size,2100.37,11.8647
