name, average, error
mag,0.833417,0.00264769
mag2,0.721467,0.00337613
mag4,0.562427,0.00369496
cluster size,719.658,3.9064
