name, average, error
mag,0.386764,0.00222672
mag2,0.198722,0.00167955
mag4,0.0712554,0.000906724
cluster size,1966.93,41.1247
