name, average, error
mag,0.974938,0.00199199
mag2,0.964601,0.00242895
mag4,0.953203,0.00286009
cluster size,964.744,2.22903
