name, average, error
mag,0.69234,0.00399187
mag2,0.558739,0.00513056
mag4,0.418624,0.00579067
cluster size,1688.93,12.8652
