name, average, error
mag,0.818295,0.00250866
mag2,0.74042,0.00305905
mag4,0.659975,0.00336615
cluster size,7351.51,38.8321
