name, average, error
mag,0.723112,0.00406322
mag2,0.566239,0.00450224
mag4,0.375288,0.0038884
cluster size,5663.17,36.3411
