name, average, error
mag,0.342887,0.00423765
mag2,0.164364,0.00336753
mag4,0.0555763,0.00178203
cluster size,1667.96,27.8398
