name, average, error
mag,0.60689,0.00455662
mag2,0.439652,0.00477497
mag4,0.273629,0.00398884
cluster size,440.952,3.82282
