name, average, error
mag,0.812368,0.00242215
mag2,0.688131,0.00288176
mag4,0.51481,0.00294856
cluster size,689.676,6.51287
