name, average, error
mag,0.589322,0.00412382
mag2,0.40635,0.00444667
mag4,0.226312,0.00367562
cluster size,412.456,6.98905
