name, average, error
mag,0.479772,0.0027726
mag2,0.289923,0.00235867
mag4,0.135268,0.00158717
cluster size,889.849,12.4673
