name, average, error
mag,0.99903,0.000382509
mag2,0.99832,0.000567348
mag4,0.99718,0.000781193
cluster size,9981.65,6.18237
