name, average, error
mag,0.741585,0.00370999
mag2,0.601489,0.00454729
mag4,0.430868,0.00444279
cluster size,1792.14,12.8456
