name, average, error
mag,0.992776,0.000901193
mag2,0.988719,0.00114991
mag4,0.983308,0.00133624
cluster size,9888.53,9.52267
