name, average, error
mag,0.550068,0.00433645
mag2,0.359704,0.00385257
mag4,0.181752,0.0022671
cluster size,3639.55,53.3756
