name, average, error
mag,0.993555,0.000336384
mag2,0.990407,0.000414363
mag4,0.986603,0.000592077
cluster size,989.897,1.18653
