name, average, error
mag,0.433675,0.00272202
mag2,0.242418,0.00225596
mag4,0.0990723,0.00139735
cluster size,720.822,12.5319
