name, average, error
mag,0.185358,0.00205132
mag2,0.0509536,0.000937782
mag4,0.00648843,0.000241168
cluster size,501.585,14.9066
