name, average, error
mag,0.717436,0.00370974
mag2,0.565086,0.00439134
mag4,0.384811,0.00434307
cluster size,565.007,5.14117
