name, average, error
mag,0.70193,0.00360707
mag2,0.534427,0.00418158
mag4,0.335299,0.00395377
cluster size,5275.34,61.6369
