name, average, error
mag,0.931318,0.000989489
mag2,0.901037,0.0012189
mag4,0.867576,0.00165095
cluster size,2700.58,8.20718
