name, average, error
mag,0.999829,7.22201e-05
mag2,0.999672,0.000133111
mag4,0.999393,0.000228259
cluster size,2999.35,0.217237
