name, average, error
mag,0.263823,0.00300874
mag2,0.100115,0.00163121
mag4,0.0223371,0.000495424
cluster size,999.201,27.5944
