name, average, error
mag,0.79129,0.00356701
mag2,0.659539,0.00448568
mag4,0.483037,0.00451939
cluster size,2001.58,15.6915
