name, average, error
mag,0.769122,0.00281629
mag2,0.623979,0.00353957
mag4,0.434188,0.00360573
cluster size,1882.33,16.3956
