name, average, error
mag,0.967507,0.00094568
mag2,0.944724,0.00146224
mag4,0.908747,0.00217276
cluster size,9417.31,23.2659
