name, average, error
mag,0.552144,0.00433115
mag2,0.363542,0.00424087
mag4,0.188051,0.00302768
cluster size,1116.88,13.2496
