name, average, error
mag,0.598771,0.00269694
mag2,0.446284,0.00360526
mag4,0.306514,0.00373938
cluster size,443.066,5.15061
