name, average, error
mag,0.679629,0.0038443
mag2,0.509346,0.00355002
mag4,0.314869,0.00238271
cluster size,1526.23,10.719
