name, average, error
mag,0.634965,0.00603631
mag2,0.464445,0.00582305
mag4,0.285692,0.00457044
cluster size,465.841,4.12676
