name, average, error
mag,0.429114,0.00266525
mag2,0.243937,0.00273531
mag4,0.106862,0.0021579
cluster size,734.284,13.0134
