name, average, error
mag,0.59163,0.00470007
mag2,0.411462,0.00433505
mag4,0.233607,0.00288914
cluster size,1258.8,11.7855
