name, average, error
mag,0.676381,0.0031478
mag2,0.510215,0.00329206
mag4,0.323035,0.00295845
cluster size,515.854,6.42301
