name, average, error
mag,0.587084,0.00542882
mag2,0.402463,0.00518677
mag4,0.220619,0.00381745
cluster size,4034.55,72.6426
