name, average, error
mag,0.36344,0.00295906
mag2,0.189351,0.00262514
mag4,0.0781285,0.00207893
cluster size,191.276,2.60772
