name, average, error
mag,0.846097,0.00114591
mag2,0.736505,0.00134811
mag4,0.57614,0.0017106
cluster size,2225.03,9.88726
