name, average, error
mag,0.751972,0.00341334
mag2,0.6057,0.00433616
mag4,0.420521,0.00441728
cluster size,605.615,4.84257
