name, average, error
mag,0.11482,0.00189366
mag2,0.0208467,0.000653199
mag4,0.00129953,7.21543e-05
cluster size,201.225,3.046
