name, average, error
mag,0.252908,0.00277707
mag2,0.0942471,0.00151796
mag4,0.0212361,0.000468217
cluster size,968.145,18.4359
