name, average, error
mag,0.20803,0.00221373
mag2,0.0668497,0.00121336
mag4,0.0121411,0.000383497
cluster size,194.626,3.82252
