name, average, error
mag,0.541561,0.00401697
mag2,0.359052,0.00387751
mag4,0.193483,0.00292137
cluster size,1081.59,13.0555
