name, average, error
mag,0.815808,0.0035493
mag2,0.690964,0.00428092
mag4,0.514612,0.00429753
cluster size,6950.4,31.3927
