name, average, error
mag,0.999693,7.71299e-05
mag2,0.999419,0.00014226
mag4,0.998954,0.000244731
cluster size,999.057,0.344561
