name, average, error
mag,0.814093,0.00225069
mag2,0.702945,0.00267494
mag4,0.555655,0.00298385
cluster size,698.353,3.35899
