name, average, error
mag,0.830645,0.00415087
mag2,0.747048,0.00537937
mag4,0.649969,0.00642663
cluster size,747.751,3.91665
