name, average, error
mag,0.864232,0.00119651
mag2,0.768182,0.00156842
mag4,0.625004,0.00196456
cluster size,772.491,4.75903
