name, average, error
mag,0.780052,0.00305004
mag2,0.648469,0.00401382
mag4,0.477616,0.00454467
cluster size,661.37,3.3595
