name, average, error
mag,0.330954,0.00362973
mag2,0.150527,0.00288404
mag4,0.0451417,0.00147533
cluster size,453.653,4.95585
