name, average, error
mag,0.983364,0.000945741
mag2,0.975274,0.00140804
mag4,0.96548,0.00197822
cluster size,2922.2,3.7492
