name, average, error
mag,0.372856,0.00362471
mag2,0.19786,0.00283739
mag4,0.0835541,0.00188589
cluster size,597.504,8.29653
