name, average, error
mag,0.608308,0.00453958
mag2,0.433605,0.00519245
mag4,0.256415,0.00442937
cluster size,4435.75,57.8086
