name, average, error
mag,0.29982,0.00273351
mag2,0.126877,0.00193049
mag4,0.0340015,0.00073396
cluster size,1241.17,24.2099
