name, average, error
mag,0.421023,0.00200286
mag2,0.230742,0.0017488
mag4,0.0918194,0.00135747
cluster size,2321.45,42.0823
