name, average, error
mag,0.741027,0.00191719
mag2,0.594913,0.0022975
mag4,0.41632,0.0026329
cluster size,5936.03,54.6953
