name, average, error
mag,0.494148,0.00493253
mag2,0.304787,0.00441402
mag4,0.145553,0.00272887
cluster size,306.399,3.67594
