name, average, error
mag,0.857045,0.00145834
mag2,0.76405,0.00193186
mag4,0.631934,0.00251596
cluster size,775.811,4.7466
