name, average, error
mag,0.466724,0.00420082
mag2,0.28947,0.00399081
mag4,0.150538,0.00327253
cluster size,2905.37,25.292
