name, average, error
mag,0.472622,0.00464545
mag2,0.28445,0.00442333
mag4,0.132393,0.00303361
cluster size,2802.99,41.4074
