name, average, error
mag,0.704809,0.00443763
mag2,0.546344,0.00508162
mag4,0.360096,0.00448452
cluster size,1633.28,17.715
