name, average, error
mag,0.999538,0.00018637
mag2,0.999258,0.000223312
mag4,0.998827,0.000242275
cluster size,9992.12,2.95274
