name, average, error
mag,0.643256,0.00447586
mag2,0.476832,0.00511889
mag4,0.301299,0.00504531
cluster size,1447.3,15.3199
