name, average, error
mag,0.755964,0.00321294
mag2,0.624027,0.00377792
mag4,0.463344,0.00393013
cluster size,622.785,5.93716
