name, average, error
mag,0.68808,0.00507246
mag2,0.536657,0.00562158
mag4,0.368156,0.00522922
cluster size,533.536,5.73941
