name, average, error
mag,0.999846,4.85157e-05
mag2,0.999706,9.09666e-05
mag4,0.999461,0.000160928
cluster size,999.249,0.458784
