name, average, error
mag,0.99756,0.000102686
mag2,0.995166,0.000203056
mag4,0.990511,0.0003971
cluster size,198.843,0.26718
