name, average, error
mag,0.36907,0.00725754
mag2,0.19955,0.00634177
mag4,0.091509,0.00409588
cluster size,41.2015,0.603662
