name, average, error
mag,0.058005,0.00293496
mag2,0.00534635,0.000484281
mag4,8.54373e-05,1.44867e-05
cluster size,1.201,0.00674125
