name, average, error
mag,0.98534,0.000301552
mag2,0.971103,0.000587926
mag4,0.943832,0.00112006
cluster size,194.528,0.367703
