name, average, error
mag,0.99975,3.80058e-05
mag2,0.999504,7.51377e-05
mag4,0.999025,0.00014691
cluster size,199.951,0.00504425
