name, average, error
mag,0.99976,3.71184e-05
mag2,0.999523,7.3737e-05
mag4,0.999056,0.000145505
cluster size,199.954,0.00468152
