name, average, error
mag,0.999965,1.5e-05
mag2,0.99993,2.97649e-05
mag4,0.999863,5.86058e-05
cluster size,199.994,0.00289156
