name, average, error
mag,0.999805,3.68556e-05
mag2,0.999615,7.22334e-05
mag4,0.999247,0.000138827
cluster size,199.929,0.0127159
