name, average, error
mag,0.99997,1.33333e-05
mag2,0.99994,2.65333e-05
mag4,0.999882,5.25387e-05
cluster size,199.995,0.00166667
