name, average, error
mag,0.99998,1.33333e-05
mag2,0.99996,2.64668e-05
mag4,0.999922,5.21484e-05
cluster size,199.994,0.00183333
