name, average, error
mag,0.920555,0.00480994
mag2,0.879367,0.00593084
mag4,0.825411,0.00699491
cluster size,175.038,1.0959
