name, average, error
mag,0.94689,0.00363026
mag2,0.920144,0.00440069
mag4,0.884837,0.00478183
cluster size,185.567,0.630407
