name, average, error
mag,0.99956,0.000127976
mag2,0.999138,0.00024828
mag4,0.998343,0.000468242
cluster size,199.535,0.304213
