name, average, error
mag,0.99066,0.000787852
mag2,0.982712,0.00113069
mag4,0.968322,0.00168976
cluster size,197.07,0.337038
