name, average, error
mag,0.994475,0.00135602
mag2,0.99211,0.00178712
mag4,0.98953,0.00210519
cluster size,198.534,0.279758
