name, average, error
mag,0.30284,0.00543402
mag2,0.134322,0.00414776
mag4,0.0419177,0.00199128
cluster size,27.116,0.508674
