name, average, error
mag,0.224,0.012083
mag2,0.224,0.012083
mag4,0.224,0.012083
cluster size,159.55,1.47658
