name, average, error
mag,0.999895,2.73354e-05
mag2,0.999793,5.37026e-05
mag4,0.999596,0.000103747
cluster size,199.979,0.00378594
