name, average, error
mag,0.99992,3.43188e-05
mag2,0.999842,6.78554e-05
mag4,0.999689,0.000132689
cluster size,199.988,0.00448454
