name, average, error
mag,0.999905,3.45205e-05
mag2,0.999812,6.78758e-05
mag4,0.999632,0.000131324
cluster size,199.988,0.0033375
