name, average, error
mag,0.99992,2.49444e-05
mag2,0.999842,4.91775e-05
mag4,0.999689,9.56273e-05
cluster size,199.982,0.00381517
