name, average, error
mag,0.994765,0.000207906
mag2,0.989669,0.000405939
mag4,0.979871,0.000775611
cluster size,198.269,0.217774
