name, average, error
mag,0.11823,0.00270037
mag2,0.0217499,0.000916766
mag4,0.00137797,0.000122288
cluster size,4.4305,0.0838068
