name, average, error
mag,0.0662,0.00276611
mag2,0.0070196,0.000553881
mag4,0.00014954,2.38703e-05
cluster size,1.3775,0.00700198
