name, average, error
mag,0.12954,0.00803874
mag2,0.129501,0.00804322
mag4,0.1295,0.00804329
cluster size,179.044,1.33054
