name, average, error
mag,0.65258,0.00646966
mag2,0.513362,0.00677029
mag4,0.375072,0.00647657
cluster size,104.108,1.12224
