name, average, error
mag,0.9999,2.35702e-05
mag2,0.999802,4.634e-05
mag4,0.999614,8.95985e-05
cluster size,199.969,0.00930352
