name, average, error
mag,0.636635,0.00523575
mag2,0.517654,0.00718271
mag4,0.422492,0.00864343
cluster size,100.96,1.91856
