name, average, error
mag,0.982615,0.00151549
mag2,0.975002,0.00198087
mag4,0.966017,0.00266038
cluster size,194.302,0.394843
