name, average, error
mag,0.995775,0.00013213
mag2,0.991619,0.000262082
mag4,0.983507,0.000515819
cluster size,198.252,0.30568
