name, average, error
mag,0.98198,0.000441223
mag2,0.964728,0.000855197
mag4,0.932328,0.00161245
cluster size,193.319,0.587801
