name, average, error
mag,0.319495,0.00844489
mag2,0.31949,0.00844225
mag4,0.31948,0.00843707
cluster size,139.499,1.12825
