name, average, error
mag,0.99984,2.76887e-05
mag2,0.999682,5.51006e-05
mag4,0.99937,0.000109105
cluster size,199.873,0.099781
