name, average, error
mag,0.22418,0.00375055
mag2,0.0766805,0.00196557
mag4,0.0161686,0.000763164
cluster size,14.747,0.249636
