name, average, error
mag,0.999965,1.97906e-05
mag2,0.999931,3.9198e-05
mag4,0.999863,7.68945e-05
cluster size,199.993,0.00185592
