name, average, error
mag,0.99646,0.000213281
mag2,0.993015,0.000413415
mag4,0.98639,0.000779401
cluster size,198.305,0.318195
