name, average, error
mag,0.999865,2.58736e-05
mag2,0.999732,5.1433e-05
mag4,0.999469,0.00010163
cluster size,199.972,0.00409607
