name, average, error
mag,0.973405,0.000414424
mag2,0.948019,0.000788789
mag4,0.90058,0.00143427
cluster size,187.76,1.08054
