name, average, error
mag,0.357515,0.00917241
mag2,0.35345,0.00927742
mag4,0.350234,0.00931138
cluster size,129.202,0.796715
