name, average, error
mag,0.406175,0.00958596
mag2,0.390541,0.00958764
mag4,0.378909,0.00949296
cluster size,116.501,1.03982
