name, average, error
mag,0.33388,0.00413337
mag2,0.151868,0.00310519
mag4,0.0457185,0.00155525
cluster size,30.2715,0.814975
