name, average, error
mag,0.520925,0.00792431
mag2,0.370238,0.00894435
mag4,0.255394,0.00885615
cluster size,72.3745,1.15448
