name, average, error
mag,0.17538,0.00968549
mag2,0.174729,0.00968263
mag4,0.174452,0.00964831
cluster size,168.889,1.22656
