name, average, error
mag,0.23916,0.00445447
mag2,0.226406,0.00430156
mag4,0.21807,0.00424873
cluster size,151.679,0.887632
