name, average, error
mag,0.999905,1.74005e-05
mag2,0.999811,3.4624e-05
mag4,0.999626,6.85487e-05
cluster size,199.979,0.00208167
