name, average, error
mag,0.99986,3.85861e-05
mag2,0.999723,7.58235e-05
mag4,0.999457,0.000146496
cluster size,199.871,0.10136
