name, average, error
mag,0.999965,2.58736e-05
mag2,0.999931,5.05381e-05
mag4,0.999868,9.64813e-05
cluster size,199.983,0.00847218
