name, average, error
mag,0.267015,0.00995262
mag2,0.26699,0.00995013
mag4,0.26698,0.00995033
cluster size,150.798,1.07541
