name, average, error
mag,0.99785,0.000561644
mag2,0.996144,0.000869085
mag4,0.993379,0.00126335
cluster size,199.332,0.184811
