name, average, error
mag,0.44345,0.0102522
mag2,0.437286,0.0102564
mag4,0.432156,0.0103602
cluster size,111.441,0.642103
