name, average, error
mag,0.223715,0.00865813
mag2,0.223479,0.00867853
mag4,0.223403,0.00867902
cluster size,160.233,1.26869
