name, average, error
mag,0.175505,0.00824652
mag2,0.1755,0.00824788
mag4,0.1755,0.0082479
cluster size,166.999,1.36031
