name, average, error
mag,0.53674,0.00608803
mag2,0.340814,0.00672423
mag4,0.165198,0.00525673
cluster size,68.7175,1.72515
