name, average, error
mag,0.998395,6.76798e-05
mag2,0.996814,0.000134535
mag4,0.993721,0.000265831
cluster size,199.078,0.156731
