name, average, error
mag,0.99669,0.000196893
mag2,0.99343,0.000389675
mag4,0.987055,0.000763394
cluster size,198.832,0.220384
