name, average, error
mag,0.09665,0.0026978
mag2,0.0143451,0.000773305
mag4,0.00056566,5.93726e-05
cluster size,2.883,0.0875538
