name, average, error
mag,0.992455,0.000175665
mag2,0.98507,0.000347447
mag4,0.970759,0.000680554
cluster size,196.92,0.535182
