name, average, error
mag,0.136725,0.0074296
mag2,0.136434,0.00741617
mag4,0.136362,0.00741391
cluster size,176.549,1.07139
