name, average, error
mag,0.08647,0.00248388
mag2,0.0116486,0.000587753
mag4,0.000389529,3.33574e-05
cluster size,2.327,0.0621879
