name, average, error
mag,0.99939,8.7496e-05
mag2,0.998794,0.000170702
mag4,0.997644,0.0003255
cluster size,199.791,0.0981207
