name, average, error
mag,0.994615,0.000227065
mag2,0.989336,0.00044707
mag4,0.979083,0.000866975
cluster size,198.256,0.254822
