name, average, error
mag,0.141665,0.00226009
mag2,0.0321291,0.000953293
mag4,0.00312974,0.000165456
cluster size,5.9685,0.101598
