name, average, error
mag,0.218505,0.0096042
mag2,0.2185,0.00960468
mag4,0.2185,0.00960469
cluster size,160.6,0.887481
