name, average, error
mag,0.975635,0.000667959
mag2,0.953711,0.000956261
mag4,0.913691,0.00155135
cluster size,192.14,0.618496
