name, average, error
mag,0.99758,0.00102345
mag2,0.996304,0.00128035
mag4,0.994339,0.00146021
cluster size,199.148,0.256659
