name, average, error
mag,0.999965,1.83333e-05
mag2,0.999931,3.63743e-05
mag4,0.999863,7.16005e-05
cluster size,199.993,0.00169967
