name, average, error
mag,0.32917,0.00972581
mag2,0.320391,0.00943969
mag4,0.313608,0.00906465
cluster size,136.219,1.18255
