name, average, error
mag,0.944445,0.00532056
mag2,0.920818,0.00673574
mag4,0.893349,0.0078735
cluster size,184.549,1.16925
