name, average, error
mag,0.999765,5.62978e-05
mag2,0.999533,0.000111945
mag4,0.999076,0.000221322
cluster size,199.853,0.0994574
