name, average, error
mag,0.2896,0.00831229
mag2,0.286291,0.00835767
mag4,0.284133,0.00835974
cluster size,145.832,1.15789
