name, average, error
mag,0.99904,5.36449e-05
mag2,0.998094,0.000106049
mag4,0.996242,0.000207317
cluster size,199.5,0.152484
