name, average, error
mag,0.94914,0.00235281
mag2,0.911481,0.00356918
mag4,0.852081,0.00510741
cluster size,182.931,1.06083
