name, average, error
mag,0.997305,0.000111418
mag2,0.994647,0.000221047
mag4,0.989441,0.000435088
cluster size,198.788,0.291454
