name, average, error
mag,0.97654,0.00031152
mag2,0.953965,0.00059679
mag4,0.911296,0.00109928
cluster size,191.399,0.798463
