name, average, error
mag,0.999955,3.45205e-05
mag2,0.999911,6.77144e-05
mag4,0.999828,0.000130372
cluster size,199.994,0.00339935
