name, average, error
mag,0.999525,5.01387e-05
mag2,0.999057,9.97347e-05
mag4,0.998144,0.00019735
cluster size,199.91,0.00516398
