name, average, error
mag,0.994605,0.000139533
mag2,0.989306,0.000275324
mag4,0.978986,0.000536332
cluster size,197.837,0.274431
