name, average, error
mag,0.99996,1.45297e-05
mag2,0.99992,2.883e-05
mag4,0.999843,5.67589e-05
cluster size,199.994,0.00145297
