name, average, error
mag,0.310995,0.00804411
mag2,0.309629,0.00806466
mag4,0.308746,0.00804533
cluster size,138.077,0.933318
