name, average, error
mag,0.997765,0.000144923
mag2,0.995562,0.000287646
mag4,0.991252,0.000566678
cluster size,198.982,0.296446
