name, average, error
mag,0.997645,0.000176297
mag2,0.995329,0.00034833
mag4,0.99081,0.000680206
cluster size,199.012,0.214881
