name, average, error
mag,0.99906,0.000141382
mag2,0.998156,0.00027454
mag4,0.996446,0.000518775
cluster size,199.623,0.142178
