name, average, error
mag,0.9983,0.000475395
mag2,0.996946,0.000686791
mag4,0.994687,0.000840954
cluster size,199.581,0.13476
