name, average, error
mag,0.14473,0.00260622
mag2,0.0320851,0.0012271
mag4,0.0028293,0.000221824
cluster size,7.045,0.266531
