name, average, error
mag,0.999915,2.58736e-05
mag2,0.999832,5.10021e-05
mag4,0.99967,9.91373e-05
cluster size,199.787,0.132082
