name, average, error
mag,0.987165,0.000268747
mag2,0.974755,0.00052383
mag4,0.951125,0.000998114
cluster size,194.919,0.429156
