name, average, error
mag,0.265,0.0100554
mag2,0.265,0.0100554
mag4,0.265,0.0100554
cluster size,148.5,1.25167
