name, average, error
mag,0.98966,0.00121625
mag2,0.986176,0.00152579
mag4,0.982112,0.00181799
cluster size,197.493,0.298379
