name, average, error
mag,0.995775,0.000117674
mag2,0.991625,0.000232111
mag4,0.983541,0.000451776
cluster size,198.9,0.141366
