name, average, error
mag,0.332725,0.00458733
mag2,0.167513,0.00362286
mag4,0.0720206,0.00258756
cluster size,33.213,0.417433
