name, average, error
mag,0.784155,0.00515532
mag2,0.667116,0.00600157
mag4,0.52362,0.00573834
cluster size,133.487,1.92618
