name, average, error
mag,0.63667,0.00522697
mag2,0.478954,0.00593682
mag4,0.317095,0.00544996
cluster size,95.211,1.83439
