name, average, error
mag,0.996335,0.00028607
mag2,0.992815,0.000545562
mag4,0.986167,0.000999921
cluster size,198.74,0.212022
