name, average, error
mag,0.999695,6.47431e-05
mag2,0.999399,0.000126383
mag4,0.998835,0.000240984
cluster size,199.85,0.0962895
