name, average, error
mag,0.99998,8.16497e-06
mag2,0.99996,1.62483e-05
mag4,0.999921,3.21732e-05
cluster size,199.994,0.00174005
