name, average, error
mag,0.22896,0.00405978
mag2,0.0784078,0.00220498
mag4,0.0151941,0.000718099
cluster size,15.931,0.486178
