name, average, error
mag,0.998905,7.24377e-05
mag2,0.997828,0.000143237
mag4,0.995724,0.000280161
cluster size,199.788,0.00925563
