name, average, error
mag,0.99122,0.000371424
mag2,0.982629,0.000727897
mag4,0.965993,0.00139916
cluster size,196.727,0.326155
