name, average, error
mag,0.99966,3.23179e-05
mag2,0.999324,6.42302e-05
mag4,0.998663,0.000126863
cluster size,199.929,0.0035
