name, average, error
mag,0.998655,7.1278e-05
mag2,0.997327,0.000141382
mag4,0.99472,0.000278176
cluster size,199.536,0.198494
