name, average, error
mag,0.99971,4.06885e-05
mag2,0.999427,8.0094e-05
mag4,0.99888,0.000155363
cluster size,199.945,0.00917273
