name, average, error
mag,0.99865,0.000197484
mag2,0.997345,0.000386086
mag4,0.994859,0.000738869
cluster size,199.627,0.112146
