name, average, error
mag,0.999735,6.14862e-05
mag2,0.999477,0.000120413
mag4,0.99898,0.000231095
cluster size,199.753,0.106122
