name, average, error
mag,0.99869,9.91071e-05
mag2,0.997414,0.000193328
mag4,0.994958,0.000368793
cluster size,199.326,0.168208
