name, average, error
mag,0.072815,0.00277453
mag2,0.00827155,0.000643312
mag4,0.000196704,3.02976e-05
cluster size,1.516,0.00710243
