name, average, error
mag,0.107455,0.00195244
mag2,0.0181354,0.000637918
mag4,0.00100993,7.97845e-05
cluster size,3.648,0.0596713
