name, average, error
mag,0.96381,0.000845274
mag2,0.93091,0.00147093
mag4,0.872452,0.00245945
cluster size,186.09,0.667058
