name, average, error
mag,0.988945,0.000257277
mag2,0.978164,0.000501518
mag4,0.957388,0.000954584
cluster size,195.946,0.476232
