name, average, error
mag,0.07483,0.00388449
mag2,0.0090485,0.000832523
mag4,0.000248782,3.92022e-05
cluster size,1.651,0.0125344
