name, average, error
mag,0.99672,0.000347307
mag2,0.993681,0.000654882
mag4,0.98822,0.00117559
cluster size,198.744,0.313481
