name, average, error
mag,0.998685,9.31099e-05
mag2,0.99739,0.000183716
mag4,0.994856,0.000357973
cluster size,199.642,0.105949
