name, average, error
mag,0.999305,0.000135288
mag2,0.998626,0.000263541
mag4,0.997311,0.000501506
cluster size,199.773,0.109922
