name, average, error
mag,0.987215,0.00028324
mag2,0.974973,0.000552056
mag4,0.951971,0.00105433
cluster size,194.797,0.548864
