name, average, error
mag,0.88888,0.00105891
mag2,0.794877,0.00171724
mag4,0.64389,0.00243129
cluster size,159.308,1.18398
