name, average, error
mag,0.075015,0.00191369
mag2,0.00899455,0.000358359
mag4,0.000245997,1.86064e-05
cluster size,1.8565,0.0263318
