name, average, error
mag,0.99798,0.000126095
mag2,0.996007,0.000247565
mag4,0.992199,0.000477399
cluster size,199.291,0.150328
