name, average, error
mag,0.075505,0.00228352
mag2,0.00897905,0.000457552
mag4,0.000233117,2.24301e-05
cluster size,1.689,0.0301183
