name, average, error
mag,0.994655,0.000802442
mag2,0.99043,0.001168
mag4,0.983218,0.00158637
cluster size,197.88,0.38459
