name, average, error
mag,0.99952,7.75314e-05
mag2,0.999046,0.000154064
mag4,0.998113,0.000304193
cluster size,199.809,0.104992
