name, average, error
mag,0.99076,0.000259251
mag2,0.981791,0.000501844
mag4,0.964609,0.000947982
cluster size,196.666,0.401211
