name, average, error
mag,0.17307,0.0108468
mag2,0.172981,0.0108549
mag4,0.172961,0.0108529
cluster size,169.691,0.961046
