name, average, error
mag,0.999905,4.24591e-05
mag2,0.999813,8.25299e-05
mag4,0.999639,0.000156169
cluster size,199.984,0.00507992
