name, average, error
mag,0.984135,0.00121177
mag2,0.972334,0.00181099
mag4,0.952873,0.00267486
cluster size,194.615,0.628102
