name, average, error
mag,0.999925,2.00693e-05
mag2,0.999851,3.98965e-05
mag4,0.999705,7.88388e-05
cluster size,199.985,0.00316228
