name, average, error
mag,0.999835,2.36291e-05
mag2,0.999672,4.69798e-05
mag4,0.999352,9.28638e-05
cluster size,199.957,0.00395811
