name, average, error
mag,0.999955,1.74005e-05
mag2,0.999911,3.4592e-05
mag4,0.999823,6.83606e-05
cluster size,199.989,0.00216667
