name, average, error
mag,0.994035,0.000223489
mag2,0.988196,0.000438876
mag4,0.976884,0.000846785
cluster size,197.774,0.313024
