name, average, error
mag,0.46426,0.00637068
mag2,0.369134,0.0080213
mag4,0.299713,0.00888904
cluster size,76.652,0.58029
