name, average, error
mag,0.99791,0.000197315
mag2,0.99593,0.000367018
mag4,0.992236,0.000660701
cluster size,198.975,0.240596
