name, average, error
mag,0.98193,0.000981133
mag2,0.967355,0.00134523
mag4,0.941597,0.00204569
cluster size,193.89,0.589517
