name, average, error
mag,0.182415,0.00308359
mag2,0.051275,0.00136263
mag4,0.00722636,0.000346797
cluster size,10.48,0.111221
