name, average, error
mag,0.292325,0.0107708
mag2,0.264236,0.0103541
mag4,0.242814,0.00946009
cluster size,134.302,1.29743
