name, average, error
mag,0.999755,3.90512e-05
mag2,0.999513,7.75458e-05
mag4,0.999039,0.000152903
cluster size,199.856,0.101398
