name, average, error
mag,0.269205,0.0102851
mag2,0.268765,0.0103013
mag4,0.268511,0.0102597
cluster size,150.137,1.19498
