name, average, error
mag,0.99974,3.78594e-05
mag2,0.999483,7.53227e-05
mag4,0.998978,0.000149081
cluster size,199.95,0.0055
