name, average, error
mag,0.7057,0.0038318
mag2,0.608416,0.00535194
mag4,0.529909,0.00738677
cluster size,120.546,1.12958
