name, average, error
mag,0.413965,0.00703495
mag2,0.23364,0.00704215
mag4,0.103787,0.00524829
cluster size,46.1585,0.884684
