name, average, error
mag,0.9364,0.000612826
mag2,0.87872,0.00108357
mag4,0.778088,0.00177839
cluster size,175.439,0.514459
