name, average, error
mag,0.999815,0.000135411
mag2,0.999664,0.00023708
mag4,0.999433,0.000372095
cluster size,199.978,0.0132119
