name, average, error
mag,0.862215,0.00628114
mag2,0.782031,0.00782326
mag4,0.673345,0.00857365
cluster size,155.303,1.66198
