name, average, error
mag,0.3602,0.00414109
mag2,0.189057,0.00328131
mag4,0.080286,0.00302169
cluster size,36.9365,0.740448
