name, average, error
mag,0.99358,0.000419735
mag2,0.987905,0.000642332
mag4,0.9777,0.000955719
cluster size,197.207,0.371951
