name, average, error
mag,0.99961,7.02377e-05
mag2,0.999228,0.000138416
mag4,0.998486,0.000268897
cluster size,199.815,0.100911
