name, average, error
mag,0.176,0.00752034
mag2,0.176,0.00752034
mag4,0.176,0.00752034
cluster size,168.5,1.10805
