name, average, error
mag,0.938845,0.00244859
mag2,0.888887,0.00314363
mag4,0.805121,0.00385722
cluster size,178.703,0.858598
