name, average, error
mag,0.999955,2.03443e-05
mag2,0.999911,4.04005e-05
mag4,0.999823,7.96673e-05
cluster size,199.993,0.00260875
