name, average, error
mag,0.99998,1.10554e-05
mag2,0.99996,2.192e-05
mag4,0.999922,4.30913e-05
cluster size,199.997,0.00110554
