name, average, error
mag,0.999885,2.98608e-05
mag2,0.999772,5.92337e-05
mag4,0.99955,0.00011656
cluster size,199.975,0.00614636
