name, average, error
mag,0.182855,0.00226618
mag2,0.0510374,0.00112439
mag4,0.00697522,0.000358874
cluster size,10.279,0.208138
