name, average, error
mag,0.999955,2.16667e-05
mag2,0.999911,4.26413e-05
mag4,0.999826,8.26352e-05
cluster size,199.992,0.00238048
