name, average, error
mag,0.239345,0.0036617
mag2,0.0878277,0.00235531
mag4,0.020904,0.00106296
cluster size,17.332,0.534443
