name, average, error
mag,0.99963,8.1377e-05
mag2,0.999268,0.000160073
mag4,0.998567,0.000309905
cluster size,199.937,0.00873053
