name, average, error
mag,0.141,0.00842615
mag2,0.141,0.00842615
mag4,0.141,0.00842615
cluster size,177.25,0.910586
