name, average, error
mag,0.814755,0.00302553
mag2,0.68239,0.00380344
mag4,0.498052,0.0045726
cluster size,136.155,1.99059
