name, average, error
mag,0.99994,1.94365e-05
mag2,0.999881,3.86786e-05
mag4,0.999764,7.65876e-05
cluster size,199.988,0.00226691
