name, average, error
mag,0.848385,0.00563279
mag2,0.774346,0.00624599
mag4,0.684958,0.00624056
cluster size,155.131,1.03472
