name, average, error
mag,0.999125,7.6103e-05
mag2,0.998262,0.000150813
mag4,0.996571,0.000296244
cluster size,199.429,0.22095
