name, average, error
mag,0.4063,0.0154594
mag2,0.405229,0.0153936
mag4,0.404304,0.0152704
cluster size,121.027,0.750126
