name, average, error
mag,0.31606,0.0111557
mag2,0.315974,0.0111661
mag4,0.315941,0.0111593
cluster size,140.037,0.896286
