name, average, error
mag,0.19929,0.00308883
mag2,0.0618126,0.00191002
mag4,0.0110652,0.000843295
cluster size,12.3425,0.165224
