name, average, error
mag,0.223835,0.0107328
mag2,0.222488,0.0107935
mag4,0.221931,0.0107952
cluster size,162.065,1.07541
