name, average, error
mag,0.999165,8.13258e-05
mag2,0.998347,0.000158
mag4,0.996757,0.000298888
cluster size,199.742,0.0948572
