name, average, error
mag,0.999875,3.27024e-05
mag2,0.999753,6.429e-05
mag4,0.999516,0.000124344
cluster size,199.916,0.0618816
