name, average, error
mag,0.709405,0.00483989
mag2,0.541128,0.00528462
mag4,0.342037,0.00490126
cluster size,108.573,0.996792
