name, average, error
mag,0.125975,0.00226398
mag2,0.0246813,0.00070677
mag4,0.00178457,9.6286e-05
cluster size,5.004,0.13082
