name, average, error
mag,0.96896,0.000329292
mag2,0.939363,0.000631829
mag4,0.884159,0.00116662
cluster size,188.412,0.620345
