name, average, error
mag,0.98819,0.000310984
mag2,0.976706,0.000604152
mag4,0.954661,0.0011445
cluster size,195.539,0.573448
