name, average, error
mag,0.999795,2.03443e-05
mag2,0.999593,4.04242e-05
mag4,0.999196,7.98304e-05
cluster size,199.963,0.0030957
