name, average, error
mag,0.999235,6.79256e-05
mag2,0.998481,0.000134371
mag4,0.997005,0.00026299
cluster size,199.856,0.00776209
