name, average, error
mag,0.924185,0.000542937
mag2,0.855961,0.000973182
mag4,0.738555,0.00160818
cluster size,171.845,0.983434
