name, average, error
mag,0.999405,7.69018e-05
mag2,0.998824,0.000150634
mag4,0.997702,0.000289453
cluster size,199.893,0.0143411
