name, average, error
mag,0.99997,1.69967e-05
mag2,0.99994,3.37451e-05
mag4,0.999882,6.65136e-05
cluster size,199.989,0.0034801
