name, average, error
mag,0.9972,0.000162275
mag2,0.994444,0.000321219
mag4,0.989063,0.000629608
cluster size,199.356,0.104411
