name, average, error
mag,0.295085,0.00391785
mag2,0.123963,0.00256147
mag4,0.0333762,0.00127403
cluster size,24.4915,0.583111
