name, average, error
mag,0.0698,0.00153672
mag2,0.0076018,0.000343068
mag4,0.000168579,1.74334e-05
cluster size,1.4445,0.0117485
