name, average, error
mag,0.270585,0.00353346
mag2,0.112722,0.00273916
mag4,0.0342794,0.0016534
cluster size,22.801,0.567709
