name, average, error
mag,0.17633,0.00844463
mag2,0.169972,0.00834905
mag4,0.167374,0.00817699
cluster size,167.212,1.10733
