name, average, error
mag,0.99872,9.28559e-05
mag2,0.997464,0.000182334
mag4,0.99502,0.000351801
cluster size,199.552,0.129566
