name, average, error
mag,0.94395,0.000753695
mag2,0.892406,0.00131989
mag4,0.800699,0.00217193
cluster size,179.522,1.17266
