name, average, error
mag,0.988865,0.000767972
mag2,0.978436,0.00143085
mag4,0.959372,0.0025235
cluster size,196.231,0.526774
