name, average, error
mag,0.997755,0.000177709
mag2,0.995573,0.000341382
mag4,0.991379,0.000634903
cluster size,199.266,0.22288
