name, average, error
mag,0.17763,0.00304897
mag2,0.0485394,0.00140956
mag4,0.00652154,0.000321187
cluster size,9.0125,0.204905
