name, average, error
mag,0.996405,0.000143071
mag2,0.992884,0.000281892
mag4,0.986053,0.000547533
cluster size,198.816,0.158296
