name, average, error
mag,0.187405,0.00245219
mag2,0.053788,0.00140961
mag4,0.00778229,0.000440915
cluster size,10.8985,0.338566
