name, average, error
mag,0.804565,0.0033002
mag2,0.665118,0.00423449
mag4,0.473139,0.00451969
cluster size,134.106,1.24347
