name, average, error
mag,0.999985,1.06719e-05
mag2,0.99997,2.1237e-05
mag4,0.999941,4.20514e-05
cluster size,199.996,0.00145297
