name, average, error
mag,0.45612,0.00949873
mag2,0.455566,0.00954125
mag4,0.455186,0.00958379
cluster size,112.18,0.738972
