name, average, error
mag,0.99997,1.33333e-05
mag2,0.99994,2.64167e-05
mag4,0.999883,5.1854e-05
cluster size,199.996,0.00167498
