name, average, error
mag,0.999925,3.89087e-05
mag2,0.999853,7.60106e-05
mag4,0.999718,0.000145192
cluster size,199.989,0.00595352
