name, average, error
mag,0.21097,0.00341618
mag2,0.0669993,0.00209696
mag4,0.0121218,0.000762089
cluster size,13.876,0.203718
