name, average, error
mag,0.999445,7.08872e-05
mag2,0.998897,0.000140729
mag4,0.997819,0.000277345
cluster size,199.79,0.100419
