name, average, error
mag,0.9981,0.0001
mag2,0.996228,0.000197741
mag4,0.992566,0.000386704
cluster size,199.04,0.265412
