name, average, error
mag,0.957475,0.000918007
mag2,0.917645,0.00171889
mag4,0.845184,0.003031
cluster size,183.782,1.28001
