name, average, error
mag,0.999895,2.62996e-05
mag2,0.999792,5.20517e-05
mag4,0.999589,0.000101974
cluster size,199.982,0.00421966
