name, average, error
mag,0.081285,0.00271878
mag2,0.0102297,0.00070479
mag4,0.000298877,4.00498e-05
cluster size,2.161,0.0401857
