name, average, error
mag,0.999485,3.94757e-05
mag2,0.998976,7.82672e-05
mag4,0.997975,0.000153859
cluster size,199.901,0.00767572
