name, average, error
mag,0.999825,2.26691e-05
mag2,0.999652,4.51239e-05
mag4,0.999311,8.93993e-05
cluster size,199.963,0.00300463
