name, average, error
mag,0.999855,2.29129e-05
mag2,0.999712,4.55175e-05
mag4,0.99943,8.98344e-05
cluster size,199.97,0.00387298
