name, average, error
mag,0.345485,0.00818381
mag2,0.262834,0.00799165
mag4,0.196357,0.00745407
cluster size,97.614,1.10637
