name, average, error
mag,0.999865,2.58736e-05
mag2,0.999732,5.11254e-05
mag4,0.999474,9.98627e-05
cluster size,199.969,0.00428499
