name, average, error
mag,0.994445,0.000248266
mag2,0.989074,0.00048246
mag4,0.978847,0.000912849
cluster size,197.629,0.371498
