name, average, error
mag,0.998115,0.000122031
mag2,0.996253,0.000241939
mag4,0.992597,0.000475581
cluster size,199.151,0.303343
