name, average, error
mag,0.129,0.00665833
mag2,0.129,0.00665833
mag4,0.129,0.00665833
cluster size,177.85,0.774776
