name, average, error
mag,0.999585,9.71968e-05
mag2,0.999195,0.000184109
mag4,0.998479,0.000332919
cluster size,199.828,0.101451
