name, average, error
mag,0.35684,0.00748738
mag2,0.356318,0.00751132
mag4,0.356013,0.00751798
cluster size,128.073,0.781379
