name, average, error
mag,0.980975,0.000309682
mag2,0.96259,0.000603397
mag4,0.927626,0.00114658
cluster size,193.262,1.00133
