name, average, error
mag,0.991915,0.000254847
mag2,0.984061,0.000495435
mag4,0.969006,0.000938073
cluster size,196.71,0.337867
