name, average, error
mag,0.85652,0.00328429
mag2,0.758703,0.00420229
mag4,0.61873,0.00495762
cluster size,153.242,1.17472
