name, average, error
mag,0.99992,2.38048e-05
mag2,0.999842,4.70405e-05
mag4,0.999689,9.18695e-05
cluster size,199.987,0.00280872
