name, average, error
mag,0.9993,7.67391e-05
mag2,0.998616,0.000150889
mag4,0.997294,0.000291965
cluster size,199.571,0.140589
