name, average, error
mag,0.99998,1.52753e-05
mag2,0.99996,3.03978e-05
mag4,0.999921,6.01906e-05
cluster size,199.994,0.00247768
