name, average, error
mag,0.965105,0.000956889
mag2,0.934603,0.0013909
mag4,0.879988,0.00211965
cluster size,187.142,0.660887
