name, average, error
mag,0.889005,0.0018264
mag2,0.803843,0.00257908
mag4,0.672826,0.00330425
cluster size,160.745,1.01836
