name, average, error
mag,0.521437,0.00558486
mag2,0.328641,0.00566638
mag4,0.159675,0.00406129
cluster size,131.712,2.41874
