name, average, error
mag,0.957335,0.000146789
mag2,0.916575,0.000280314
mag4,0.840424,0.000511359
cluster size,1833.06,6.99307
