name, average, error
mag,0.25089,0.00253006
mag2,0.0916375,0.00153817
mag4,0.0194064,0.000518957
cluster size,187.65,3.93493
