name, average, error
mag,0.80561,0.00360267
mag2,0.674078,0.00431043
mag4,0.495311,0.00463944
cluster size,137.59,1.54845
