name, average, error
mag,0.792625,0.00336324
mag2,0.658277,0.00450544
mag4,0.479625,0.00499573
cluster size,267.512,1.94074
