name, average, error
mag,0.89165,0.0012547
mag2,0.799283,0.00198178
mag4,0.650203,0.00271713
cluster size,160.377,0.670769
