name, average, error
mag,0.747897,0.00409216
mag2,0.592534,0.00483819
mag4,0.395807,0.00466381
cluster size,475.759,5.66961
