name, average, error
mag,0.911013,0.00214875
mag2,0.836555,0.0032881
mag4,0.713788,0.00472143
cluster size,334.663,1.60214
