name, average, error
mag,0.131997,0.00141887
mag2,0.0264773,0.000547096
mag4,0.00191006,8.38072e-05
cluster size,10.455,0.264344
