name, average, error
mag,0.858758,0.00133774
mag2,0.743389,0.0017583
mag4,0.562668,0.00201624
cluster size,5932.13,39.0883
