name, average, error
mag,0.71375,0.00495418
mag2,0.548581,0.00554315
mag4,0.350921,0.00475613
cluster size,224.567,3.37944
