name, average, error
mag,0.89996,0.0013974
mag2,0.814912,0.0022873
mag4,0.674175,0.0033156
cluster size,660.293,4.91742
