name, average, error
mag,0.933022,0.000365941
mag2,0.870933,0.000602271
mag4,0.759675,0.000905095
cluster size,3503.99,11.7284
