name, average, error
mag,0.67917,0.00420418
mag2,0.502622,0.00428931
mag4,0.300331,0.00354269
cluster size,395.075,5.65436
