name, average, error
mag,0.93389,0.000688383
mag2,0.874188,0.0011251
mag4,0.769745,0.00167425
cluster size,346.9,1.71486
