name, average, error
mag,0.850843,0.00122751
mag2,0.727964,0.00174435
mag4,0.537896,0.00224833
cluster size,593.668,5.22377
