name, average, error
mag,0.818533,0.00241704
mag2,0.681466,0.00300276
mag4,0.481095,0.00301344
cluster size,2691.97,44.544
