name, average, error
mag,0.735905,0.00723853
mag2,0.573105,0.0087688
mag4,0.372102,0.00867226
cluster size,113.897,1.95513
