name, average, error
mag,0.607421,0.00297244
mag2,0.428831,0.00299717
mag4,0.248701,0.00245829
cluster size,172.253,2.05736
