name, average, error
mag,0.0394225,0.000421048
mag2,0.00242822,4.75249e-05
mag4,1.76142e-05,8.06337e-07
cluster size,1.8565,0.0204097
