name, average, error
mag,0.182607,0.00350307
mag2,0.0509886,0.00169369
mag4,0.00706259,0.000418962
cluster size,10.0585,0.175927
