name, average, error
mag,0.177107,0.00236819
mag2,0.0470453,0.00127853
mag4,0.00565967,0.00039448
cluster size,193.303,7.48344
