name, average, error
mag,0.291054,0.00480057
mag2,0.120772,0.00339274
mag4,0.030742,0.00134258
cluster size,247.032,8.57193
