name, average, error
mag,0.679845,0.00516076
mag2,0.51156,0.00561339
mag4,0.323329,0.00553922
cluster size,104.832,1.87346
