name, average, error
mag,0.530288,0.00369412
mag2,0.330463,0.00423297
mag4,0.150573,0.00333716
cluster size,662.59,17.7553
