name, average, error
mag,0.851509,0.000587027
mag2,0.726286,0.000792524
mag4,0.530154,0.000865833
cluster size,2908.75,22.2147
