name, average, error
mag,0.951989,0.000480449
mag2,0.907227,0.000757253
mag4,0.825612,0.00113613
cluster size,727.126,1.54916
