name, average, error
mag,0.40828,0.00397272
mag2,0.206271,0.00357471
mag4,0.0660245,0.00194799
cluster size,1679.31,42.2797
