name, average, error
mag,0.79622,0.00221429
mag2,0.651591,0.00330775
mag4,0.454276,0.00410772
cluster size,131.58,1.35462
