name, average, error
mag,0.0162514,0.000245669
mag2,0.000408977,1.11654e-05
mag4,4.84429e-07,2.47703e-08
cluster size,3.24975,0.0486548
