name, average, error
mag,0.993251,7.62728e-05
mag2,0.986592,0.000150617
mag4,0.973538,0.000293988
cluster size,395.477,0.473114
