name, average, error
mag,0.658387,0.00397473
mag2,0.477696,0.00442785
mag4,0.278331,0.00398343
cluster size,194.204,2.55973
