name, average, error
mag,0.177447,0.00249148
mag2,0.0479645,0.00121293
mag4,0.00604413,0.000284898
cluster size,187.381,4.75648
