name, average, error
mag,0.101259,0.00100176
mag2,0.0161476,0.000330866
mag4,0.000770712,4.24981e-05
cluster size,12.5475,0.385031
