name, average, error
mag,0.863373,0.00165797
mag2,0.75371,0.0021633
mag4,0.582281,0.0023615
cluster size,1498.47,10.4914
