name, average, error
mag,0.853565,0.00220973
mag2,0.738106,0.00328985
mag4,0.564088,0.00438948
cluster size,148.594,0.848884
