name, average, error
mag,0.701865,0.00343102
mag2,0.530109,0.00407899
mag4,0.325536,0.0036324
cluster size,1079.58,11.7044
