name, average, error
mag,0.976022,4.44578e-05
mag2,0.952638,8.69452e-05
mag4,0.907589,0.000166294
cluster size,3815.25,14.8209
