name, average, error
mag,0.861345,0.00351319
mag2,0.762705,0.00472219
mag4,0.618103,0.00567667
cluster size,152.892,1.71263
