name, average, error
mag,0.142061,0.0015652
mag2,0.0309926,0.000600065
mag4,0.00263775,9.38904e-05
cluster size,12.873,0.27665
