name, average, error
mag,0.333828,0.0035037
mag2,0.15504,0.00273279
mag4,0.0488186,0.00135686
cluster size,62.893,1.17233
