name, average, error
mag,0.79004,0.00231089
mag2,0.644636,0.00248971
mag4,0.443665,0.00237274
cluster size,5139.49,55.8097
