name, average, error
mag,0.432772,0.00323705
mag2,0.240319,0.00286317
mag4,0.0955567,0.00207017
cluster size,494.134,14.6163
