name, average, error
mag,0.719703,0.00472422
mag2,0.54585,0.00580839
mag4,0.331747,0.00547387
cluster size,2205.54,36.4535
