name, average, error
mag,0.0398394,0.000593592
mag2,0.00253219,5.76752e-05
mag4,1.96277e-05,5.6022e-07
cluster size,10.413,0.139275
