name, average, error
mag,0.0648127,0.000509247
mag2,0.00653301,8.1863e-05
mag4,0.000125975,3.46864e-06
cluster size,28.0018,0.576287
