name, average, error
mag,0.78358,0.0021651
mag2,0.631311,0.00214089
mag4,0.423154,0.00160118
cluster size,5063.84,57.1441
