name, average, error
mag,0.89662,0.000877139
mag2,0.811334,0.00134928
mag4,0.674061,0.00182321
cluster size,163.929,0.591732
