name, average, error
mag,0.745632,0.00341765
mag2,0.581173,0.00409898
mag4,0.369946,0.00398227
cluster size,1177.46,12.2966
