name, average, error
mag,0.75856,0.00335321
mag2,0.60821,0.00434554
mag4,0.415827,0.00493757
cluster size,122.165,1.50038
