name, average, error
mag,0.928458,0.000904991
mag2,0.863188,0.00121604
mag4,0.747584,0.0015551
cluster size,3452.58,27.4402
