name, average, error
mag,0.897773,0.00128724
mag2,0.809271,0.00185188
mag4,0.661497,0.00231783
cluster size,1637.07,12.0511
