name, average, error
mag,0.806745,0.00237858
mag2,0.668779,0.00292395
mag4,0.47377,0.00302854
cluster size,1338.15,15.1744
