name, average, error
mag,0.98446,5.18784e-05
mag2,0.969167,0.00010197
mag4,0.939312,0.000196984
cluster size,7723,20.5431
