name, average, error
mag,0.509358,0.00369204
mag2,0.320141,0.00306452
mag4,0.156779,0.00201302
cluster size,256.31,3.34077
