name, average, error
mag,0.850686,0.000532617
mag2,0.724532,0.000784944
mag4,0.526798,0.000964958
cluster size,5820.66,60.4407
