name, average, error
mag,0.908465,0.000702475
mag2,0.82805,0.000955778
mag4,0.692123,0.00118823
cluster size,1670.25,11.4127
