name, average, error
mag,0.897818,0.000866743
mag2,0.808113,0.00120172
mag4,0.657706,0.00138518
cluster size,3228.06,29.7991
