name, average, error
mag,0.0245757,0.00037698
mag2,0.00094375,2.65561e-05
mag4,2.64575e-06,1.70464e-07
cluster size,7.69775,0.141064
