name, average, error
mag,0.894566,0.000682806
mag2,0.802716,0.00106807
mag4,0.649336,0.00148704
cluster size,1612.25,8.43061
