name, average, error
mag,0.122702,0.00211193
mag2,0.0233209,0.000671789
mag4,0.00155741,8.14123e-05
cluster size,205.803,5.51478
