name, average, error
mag,0.463904,0.00460835
mag2,0.265015,0.00399178
mag4,0.107825,0.00247342
cluster size,111.246,2.41588
