name, average, error
mag,0.90143,0.00302361
mag2,0.821376,0.00424089
mag4,0.693041,0.00544145
cluster size,164.704,1.26571
