name, average, error
mag,0.0919553,0.00100366
mag2,0.0130859,0.000228796
mag4,0.000479542,1.99343e-05
cluster size,101.704,4.31237
