name, average, error
mag,0.97582,0.000123212
mag2,0.952404,0.000238176
mag4,0.907749,0.000445857
cluster size,381.333,0.704495
