name, average, error
mag,0.694019,0.00296702
mag2,0.512082,0.00290162
mag4,0.296084,0.00230038
cluster size,4174.14,49.7704
