name, average, error
mag,0.0905475,0.000769556
mag2,0.0127348,0.000179105
mag4,0.00046812,1.61653e-05
cluster size,10.588,0.168367
