name, average, error
mag,0.208502,0.00300642
mag2,0.0636286,0.00159677
mag4,0.00954742,0.000497931
cluster size,261.519,3.88068
