name, average, error
mag,0.881425,0.00295897
mag2,0.786633,0.00394266
mag4,0.63668,0.00459836
cluster size,636.192,4.42216
