name, average, error
mag,0.944501,0.000476629
mag2,0.892761,0.000865026
mag4,0.799282,0.00146712
cluster size,356.37,1.60293
