name, average, error
mag,0.250774,0.0031058
mag2,0.0896756,0.00218854
mag4,0.0179186,0.000906159
cluster size,716.835,23.6584
