name, average, error
mag,0.772947,0.0016872
mag2,0.606054,0.00204757
mag4,0.380642,0.00193663
cluster size,1184.64,16.7144
