name, average, error
mag,0.095035,0.00118868
mag2,0.0140982,0.000367393
mag4,0.000581964,3.27007e-05
cluster size,2.83275,0.0329002
