name, average, error
mag,0.584187,0.00262372
mag2,0.403985,0.00285807
mag4,0.229994,0.0025973
cluster size,81.9818,0.947366
