name, average, error
mag,0.554162,0.00542844
mag2,0.360485,0.00560397
mag4,0.180036,0.00415615
cluster size,283.432,5.07419
