name, average, error
mag,0.4768,0.00446726
mag2,0.279758,0.00475571
mag4,0.120796,0.00395613
cluster size,113.234,2.344
