name, average, error
mag,0.48118,0.00363393
mag2,0.273646,0.00262283
mag4,0.104664,0.00139038
cluster size,1107.81,16.106
