name, average, error
mag,0.773033,0.00316976
mag2,0.613798,0.00370483
mag4,0.398663,0.0034725
cluster size,495.046,8.68635
