name, average, error
mag,0.0574132,0.000538045
mag2,0.00515005,8.15863e-05
mag4,7.77902e-05,3.09568e-06
cluster size,10.723,0.285995
