name, average, error
mag,0.635225,0.00482901
mag2,0.452405,0.00569951
mag4,0.260209,0.00541791
cluster size,90.695,1.66603
