name, average, error
mag,0.6746,0.00345572
mag2,0.496144,0.00464389
mag4,0.292603,0.00474643
cluster size,2014.66,39.6119
