name, average, error
mag,0.890835,0.000304478
mag2,0.79406,0.000548182
mag4,0.631972,0.000883994
cluster size,1590.54,9.75509
