name, average, error
mag,0.85373,0.00147889
mag2,0.733478,0.00233458
mag4,0.548832,0.00304088
cluster size,291.567,2.51876
