name, average, error
mag,0.368421,0.00412764
mag2,0.181475,0.00262462
mag4,0.0602395,0.00103426
cluster size,145.234,2.83571
