name, average, error
mag,0.932527,0.000885386
mag2,0.873125,0.00142701
mag4,0.771794,0.00204725
cluster size,174.371,0.758892
