name, average, error
mag,0.372775,0.00540485
mag2,0.181126,0.00372798
mag4,0.057021,0.00169226
cluster size,367.557,8.32783
