name, average, error
mag,0.813701,0.00352572
mag2,0.671769,0.00419188
mag4,0.465395,0.00398782
cluster size,5411.41,61.9929
