name, average, error
mag,0.822217,0.00139259
mag2,0.684841,0.00198975
mag4,0.485528,0.00239357
cluster size,278.56,1.9003
