name, average, error
mag,0.768503,0.0020121
mag2,0.599029,0.00236445
mag4,0.370238,0.00230321
cluster size,2351.36,26.3478
