name, average, error
mag,0.944273,0.000221804
mag2,0.891819,0.000408077
mag4,0.795881,0.000712503
cluster size,1781.2,6.7189
