name, average, error
mag,0.158685,0.00150788
mag2,0.0388306,0.000731457
mag4,0.00417445,0.00019911
cluster size,7.7155,0.167741
