name, average, error
mag,0.93261,0.000529741
mag2,0.87064,0.000803644
mag4,0.760044,0.00112111
cluster size,1745.12,9.19463
