name, average, error
mag,0.990236,3.46994e-05
mag2,0.98057,6.87322e-05
mag4,0.961531,0.000134838
cluster size,7847.16,12.0411
