name, average, error
mag,0.819224,0.00224263
mag2,0.67831,0.00300788
mag4,0.473064,0.00338704
cluster size,544.303,6.73405
