name, average, error
mag,0.943927,0.000835542
mag2,0.892281,0.00152939
mag4,0.800451,0.00259775
cluster size,180.234,0.516868
