name, average, error
mag,0.822304,0.00238269
mag2,0.692791,0.00294003
mag4,0.505893,0.00324316
cluster size,1380.93,11.3972
