name, average, error
mag,0.985097,9.52849e-05
mag2,0.970465,0.000187432
mag4,0.941995,0.000362736
cluster size,776.005,1.23803
