name, average, error
mag,0.977602,0.000103137
mag2,0.955744,0.000201478
mag4,0.913597,0.000384519
cluster size,1906.38,1.99781
