name, average, error
mag,0.985427,0.000172178
mag2,0.971261,0.000336856
mag4,0.944088,0.00064573
cluster size,194.171,0.549582
