name, average, error
mag,0.621564,0.00633882
mag2,0.422992,0.00681544
mag4,0.216377,0.00551343
cluster size,334.448,6.71284
