name, average, error
mag,0.802986,0.00300057
mag2,0.664992,0.0031082
mag4,0.470913,0.00261648
cluster size,2677.98,22.7672
