name, average, error
mag,0.838096,0.00371065
mag2,0.718612,0.00485694
mag4,0.544264,0.00577016
cluster size,571.587,5.71444
