name, average, error
mag,0.81965,0.00159025
mag2,0.67602,0.00224275
mag4,0.464954,0.00260631
cluster size,1363.22,10.5219
