name, average, error
mag,0.128295,0.00138116
mag2,0.0258463,0.00058016
mag4,0.00193562,9.45966e-05
cluster size,10.3443,0.263591
