name, average, error
mag,0.0407273,0.000438259
mag2,0.00260099,5.18071e-05
mag4,2.01882e-05,9.2373e-07
cluster size,5.424,0.0733922
