name, average, error
mag,0.606715,0.00714339
mag2,0.424294,0.00755704
mag4,0.241742,0.00623266
cluster size,83.982,1.66652
