name, average, error
mag,0.868581,0.00182117
mag2,0.761872,0.00254061
mag4,0.592229,0.00291808
cluster size,6045.66,42.5128
