name, average, error
mag,0.615554,0.00332738
mag2,0.415302,0.00298441
mag4,0.207277,0.0020532
cluster size,3429.38,51.9615
