name, average, error
mag,0.50215,0.00460492
mag2,0.301681,0.00436743
mag4,0.131673,0.00260275
cluster size,247.919,5.93074
