name, average, error
mag,0.535912,0.00428233
mag2,0.341692,0.00438504
mag4,0.167594,0.00336199
cluster size,69.2053,1.03062
