name, average, error
mag,0.88382,0.00240461
mag2,0.794768,0.00358648
mag4,0.655789,0.00491245
cluster size,315.77,3.63095
