name, average, error
mag,0.0141482,0.000184626
mag2,0.000311713,7.59837e-06
mag4,2.83826e-07,1.90197e-08
cluster size,2.33925,0.0305165
