name, average, error
mag,0.339776,0.00719053
mag2,0.157183,0.00542223
mag4,0.047223,0.00224814
cluster size,636.428,10.9488
