name, average, error
mag,0.128595,0.00176211
mag2,0.0253132,0.000792927
mag4,0.00178368,0.000137776
cluster size,103.714,3.10653
