name, average, error
mag,0.80152,0.00410375
mag2,0.674136,0.00524747
mag4,0.503225,0.00586115
cluster size,136.018,1.25208
