name, average, error
mag,0.0239167,0.000462214
mag2,0.000917553,3.10311e-05
mag4,2.67161e-06,1.60026e-07
cluster size,3.7055,0.0331909
