name, average, error
mag,0.977665,0.000162669
mag2,0.9562,0.000313032
mag4,0.915689,0.000584196
cluster size,190.479,0.360066
