name, average, error
mag,0.353197,0.0060169
mag2,0.166573,0.00428723
mag4,0.0513908,0.0020198
cluster size,1349.74,35.7796
