name, average, error
mag,0.957445,9.26254e-05
mag2,0.916721,0.000177193
mag4,0.840453,0.000324246
cluster size,7324.33,16.1962
