name, average, error
mag,0.107425,0.00145915
mag2,0.0178494,0.000379577
mag4,0.000899519,3.96455e-05
cluster size,74.089,1.54189
