name, average, error
mag,0.692097,0.004059
mag2,0.525394,0.0044454
mag4,0.334368,0.00390113
cluster size,213.618,2.92362
