name, average, error
mag,0.686185,0.00608336
mag2,0.509785,0.00638016
mag4,0.307686,0.00515168
cluster size,101.936,1.03515
