name, average, error
mag,0.984325,0.000251689
mag2,0.969159,0.000488935
mag4,0.940258,0.000925835
cluster size,193.762,0.390868
