name, average, error
mag,0.550919,0.00618647
mag2,0.343018,0.00633681
mag4,0.151869,0.00443518
cluster size,691.697,13.5158
