name, average, error
mag,0.0918422,0.00122714
mag2,0.0130843,0.000328789
mag4,0.000498549,2.45178e-05
cluster size,28.342,0.690902
