name, average, error
mag,0.569582,0.00529122
mag2,0.374648,0.0042437
mag4,0.189777,0.0024365
cluster size,153.407,2.6959
