name, average, error
mag,0.87237,0.00228635
mag2,0.774323,0.00307828
mag4,0.62249,0.00391148
cluster size,310.812,2.81302
