name, average, error
mag,0.367435,0.00481744
mag2,0.176271,0.00377759
mag4,0.0540422,0.00197253
cluster size,1381.94,37.5533
