name, average, error
mag,0.929025,0.00133847
mag2,0.865614,0.00218305
mag4,0.755261,0.00327122
cluster size,697.241,3.87356
