name, average, error
mag,0.200458,0.00408535
mag2,0.0603013,0.00206114
mag4,0.00890775,0.000526319
cluster size,486.502,11.0098
