name, average, error
mag,0.661308,0.00350376
mag2,0.477393,0.00401162
mag4,0.272382,0.00346736
cluster size,1970.01,30.2579
