name, average, error
mag,0.1308,0.00135287
mag2,0.0259718,0.000536245
mag4,0.00183808,9.17743e-05
cluster size,214.166,4.78371
