name, average, error
mag,0.0779633,0.00122945
mag2,0.00938897,0.000299984
mag4,0.000254534,1.7263e-05
cluster size,75.3893,1.89836
