name, average, error
mag,0.902013,0.00296259
mag2,0.819882,0.0044699
mag4,0.685249,0.00586906
cluster size,331.449,1.99652
