name, average, error
mag,0.84552,0.00248243
mag2,0.734167,0.00331478
mag4,0.571977,0.00431093
cluster size,296.442,1.46662
