name, average, error
mag,0.872156,0.00196262
mag2,0.768023,0.00248999
mag4,0.602682,0.00277881
cluster size,3062.15,29.0927
