name, average, error
mag,0.78437,0.00319467
mag2,0.64242,0.00436432
mag4,0.453684,0.00504443
cluster size,256.899,4.22933
