name, average, error
mag,0.27791,0.00378161
mag2,0.107948,0.00236318
mag4,0.0242195,0.000876851
cluster size,453.99,7.81644
