name, average, error
mag,0.927107,0.00115911
mag2,0.861923,0.0017647
mag4,0.747858,0.00251238
cluster size,1716.84,10.286
