name, average, error
mag,0.624826,0.00595065
mag2,0.433238,0.00627883
mag4,0.232445,0.00492912
cluster size,348.955,5.04747
