name, average, error
mag,0.97767,7.34656e-05
mag2,0.955857,0.000143646
mag4,0.913736,0.000274617
cluster size,3829.21,9.02015
