name, average, error
mag,0.0171433,0.000252197
mag2,0.000460422,1.17149e-05
mag4,6.13853e-07,3.01858e-08
cluster size,3.64975,0.0712131
