name, average, error
mag,0.98415,0.000239393
mag2,0.968697,0.000465196
mag4,0.938928,0.000880064
cluster size,388.937,0.370586
