name, average, error
mag,0.0123967,0.000300291
mag2,0.000240832,9.83236e-06
mag4,1.70386e-07,1.13294e-08
cluster size,1.8775,0.0175989
