name, average, error
mag,0.710544,0.00303164
mag2,0.544224,0.00313494
mag4,0.344947,0.00289167
cluster size,1087.75,8.59266
