name, average, error
mag,0.636502,0.00580927
mag2,0.457267,0.00583178
mag4,0.26541,0.00469871
cluster size,368.767,6.51812
