name, average, error
mag,0.880275,0.00324464
mag2,0.789058,0.00383132
mag4,0.649058,0.00407154
cluster size,158.245,2.12642
