name, average, error
mag,0.798309,0.00207215
mag2,0.654194,0.0027145
mag4,0.452429,0.00287136
cluster size,2598.43,25.6962
