name, average, error
mag,0.473985,0.00520671
mag2,0.281018,0.0043438
mag4,0.126542,0.00263169
cluster size,56.667,1.48654
