name, average, error
mag,0.782865,0.0028219
mag2,0.629627,0.00338201
mag4,0.422131,0.00346169
cluster size,250.058,3.16969
