name, average, error
mag,0.868857,0.00219098
mag2,0.76549,0.00287232
mag4,0.604587,0.00329285
cluster size,616.794,6.31539
