name, average, error
mag,0.0776156,0.000519638
mag2,0.0094588,0.000143631
mag4,0.000260987,1.30794e-05
cluster size,7.79525,0.185473
