name, average, error
mag,0.818872,0.000655793
mag2,0.6723,0.000868949
mag4,0.455292,0.000993326
cluster size,5304.89,53.0535
