name, average, error
mag,0.662174,0.00499077
mag2,0.470002,0.00534917
mag4,0.254584,0.00418783
cluster size,1829.94,21.2996
