name, average, error
mag,0.849975,0.00251369
mag2,0.739179,0.00271952
mag4,0.575131,0.00246317
cluster size,148.111,0.900254
