name, average, error
mag,0.609281,0.00560489
mag2,0.419608,0.00561187
mag4,0.224484,0.00395586
cluster size,3318.83,43.9507
