name, average, error
mag,0.546905,0.0050165
mag2,0.347555,0.00472105
mag4,0.16345,0.00308531
cluster size,1343.77,21.436
