name, average, error
mag,0.443133,0.00540492
mag2,0.247844,0.00437826
mag4,0.0993001,0.00260752
cluster size,992.168,24.8152
