name, average, error
mag,0.0419276,0.000726952
mag2,0.00272105,9.51618e-05
mag4,2.12605e-05,1.9468e-06
cluster size,10.3945,0.253375
