name, average, error
mag,0.0208958,0.000330363
mag2,0.000684273,2.31583e-05
mag4,1.37684e-06,1.07235e-07
cluster size,2.891,0.0311586
