name, average, error
mag,0.65484,0.00297031
mag2,0.465532,0.00298726
mag4,0.258195,0.00223099
cluster size,185.545,3.35741
