name, average, error
mag,0.734833,0.00388275
mag2,0.563836,0.0048494
mag4,0.350359,0.00461054
cluster size,225.649,2.29557
