name, average, error
mag,0.905965,0.00121896
mag2,0.82446,0.0015618
mag4,0.686073,0.00192806
cluster size,3339.09,15.8104
