name, average, error
mag,0.458857,0.00498245
mag2,0.259352,0.00440293
mag4,0.102591,0.00247712
cluster size,2092.63,47.4852
