name, average, error
mag,0.840775,0.00213239
mag2,0.720016,0.00301635
mag4,0.542357,0.00367284
cluster size,282.462,1.6975
