name, average, error
mag,0.908814,0.00183659
mag2,0.832351,0.00270331
mag4,0.704667,0.0037735
cluster size,674.188,5.39748
