name, average, error
mag,0.616771,0.00417777
mag2,0.425046,0.00443169
mag4,0.226258,0.00336865
cluster size,863.385,15.1867
