name, average, error
mag,0.928461,0.000462148
mag2,0.862508,0.000746203
mag4,0.745272,0.0010703
cluster size,6841.88,23.5063
