name, average, error
mag,0.990397,0.000150345
mag2,0.981008,0.000294109
mag4,0.962843,0.000563458
cluster size,196.522,0.323566
