name, average, error
mag,0.861133,0.00187418
mag2,0.748873,0.00236969
mag4,0.573235,0.00277243
cluster size,3015.96,30.1159
