name, average, error
mag,0.818387,0.000953167
mag2,0.673118,0.00101884
mag4,0.45867,0.000958849
cluster size,2695.42,22.898
