name, average, error
mag,0.0316523,0.000454163
mag2,0.00157692,4.37923e-05
mag4,7.59862e-06,4.64229e-07
cluster size,12.666,0.181647
