name, average, error
mag,0.91574,0.00102764
mag2,0.845835,0.00164057
mag4,0.73163,0.00258741
cluster size,170.101,1.32695
