name, average, error
mag,0.180854,0.00304157
mag2,0.0492803,0.00148029
mag4,0.00623424,0.000351591
cluster size,94.414,3.69045
