name, average, error
mag,0.710285,0.0025296
mag2,0.543747,0.00296401
mag4,0.34645,0.00318649
cluster size,111.899,0.879335
