name, average, error
mag,0.896663,0.00142187
mag2,0.806096,0.00194227
mag4,0.653817,0.00222754
cluster size,6396.69,51.6438
