name, average, error
mag,0.378972,0.00547565
mag2,0.190824,0.00420032
mag4,0.0658063,0.00245683
cluster size,77.11,1.52173
