name, average, error
mag,0.965879,0.000216735
mag2,0.933102,0.000412911
mag4,0.871316,0.000756886
cluster size,745.994,2.12755
