name, average, error
mag,0.256301,0.00300903
mag2,0.0938843,0.00178395
mag4,0.0193687,0.000644512
cluster size,187.275,7.52485
