name, average, error
mag,0.55244,0.00491752
mag2,0.364367,0.00444743
mag4,0.18922,0.00303497
cluster size,74.1615,0.879877
