name, average, error
mag,0.771738,0.00332467
mag2,0.62097,0.00417437
mag4,0.420115,0.00422162
cluster size,494.993,4.14838
