name, average, error
mag,0.0638402,0.000875575
mag2,0.00630755,0.000150757
mag4,0.000114364,5.81519e-06
cluster size,12.769,0.373767
