name, average, error
mag,0.686948,0.00375681
mag2,0.496118,0.00402482
mag4,0.273267,0.00319587
cluster size,996.74,12.4499
