name, average, error
mag,0.607451,0.00237773
mag2,0.414235,0.00243738
mag4,0.215983,0.00237569
cluster size,3284.12,23.0727
