name, average, error
mag,0.765887,0.00115754
mag2,0.593579,0.00122271
mag4,0.36179,0.000997799
cluster size,4762.49,44.5407
