name, average, error
mag,0.022895,0.000246901
mag2,0.000825151,1.88268e-05
mag4,2.02914e-06,1.26414e-07
cluster size,3.19725,0.0338285
