name, average, error
mag,0.0333415,0.000403829
mag2,0.00174575,3.40587e-05
mag4,9.00936e-06,3.56027e-07
cluster size,3.60825,0.0585757
