name, average, error
mag,0.0291066,0.000255508
mag2,0.00131505,2.46707e-05
mag4,5.00412e-06,2.77453e-07
cluster size,10.387,0.257739
