name, average, error
mag,0.0863,0.000813915
mag2,0.0115962,0.000239335
mag4,0.000398164,2.2083e-05
cluster size,2.389,0.035944
