name, average, error
mag,0.75197,0.00495305
mag2,0.592561,0.00577639
mag4,0.387653,0.00563183
cluster size,237.524,2.18913
