name, average, error
mag,0.461668,0.00472218
mag2,0.259622,0.00390693
mag4,0.100348,0.00220992
cluster size,1036.07,15.3362
