name, average, error
mag,0.107242,0.0013175
mag2,0.0178,0.000424187
mag4,0.000914024,4.55604e-05
cluster size,3.65975,0.0535769
