name, average, error
mag,0.990306,7.53982e-05
mag2,0.980736,0.000149306
mag4,0.96196,0.000292785
cluster size,784.591,1.46811
