name, average, error
mag,0.759807,0.00335179
mag2,0.612349,0.00363092
mag4,0.422995,0.00340704
cluster size,501.246,6.27031
