name, average, error
mag,0.891462,0.000470888
mag2,0.79613,0.000748975
mag4,0.637435,0.00114586
cluster size,639.345,3.31691
