name, average, error
mag,0.370493,0.00359079
mag2,0.181723,0.00348292
mag4,0.0586487,0.00204722
cluster size,152.079,3.08384
