name, average, error
mag,0.746175,0.00352575
mag2,0.59931,0.00405791
mag4,0.418171,0.00410833
cluster size,118.933,1.90777
