name, average, error
mag,0.63133,0.00365022
mag2,0.427052,0.00358849
mag4,0.209481,0.00253913
cluster size,3549.06,54.4556
