name, average, error
mag,0.783942,0.00134648
mag2,0.62781,0.00131627
mag4,0.413294,0.00104874
cluster size,1278.12,14.0784
