name, average, error
mag,0.186832,0.00197051
mag2,0.0518066,0.000798736
mag4,0.0065434,0.000178433
cluster size,214.491,7.28037
