name, average, error
mag,0.952421,0.000275452
mag2,0.907266,0.000509332
mag4,0.823682,0.000877659
cluster size,3609.7,13.2872
