name, average, error
mag,0.0506944,0.000634351
mag2,0.00403544,8.27464e-05
mag4,5.01363e-05,2.20464e-06
cluster size,3.22675,0.0406357
