name, average, error
mag,0.544439,0.00436646
mag2,0.349372,0.00412939
mag4,0.170017,0.0028973
cluster size,689.636,15.0705
