name, average, error
mag,0.932125,0.00252293
mag2,0.873705,0.0039002
mag4,0.774743,0.00564754
cluster size,175.244,1.29784
