name, average, error
mag,0.832643,0.0018149
mag2,0.714679,0.00258992
mag4,0.543822,0.00339591
cluster size,288.423,2.06149
