name, average, error
mag,0.622332,0.00280038
mag2,0.438213,0.00372384
mag4,0.248287,0.00399288
cluster size,176.565,1.92985
