name, average, error
mag,0.966146,8.34133e-05
mag2,0.9335,0.000161291
mag4,0.871652,0.000301657
cluster size,1862.64,4.86117
