name, average, error
mag,0.823255,0.00297832
mag2,0.692649,0.00395622
mag4,0.505579,0.00448471
cluster size,138.857,1.26513
