name, average, error
mag,0.809975,0.00524919
mag2,0.68937,0.00583009
mag4,0.527924,0.00535938
cluster size,139.017,1.33687
