name, average, error
mag,0.687758,0.00496842
mag2,0.502668,0.00503514
mag4,0.286617,0.00398722
cluster size,998.123,15.0829
