name, average, error
mag,0.770132,0.00514168
mag2,0.627883,0.00574461
mag4,0.442165,0.0052955
cluster size,257.267,2.31635
