name, average, error
mag,0.957443,0.000122411
mag2,0.916738,0.000234488
mag4,0.840559,0.000430292
cluster size,3691.78,9.47818
