name, average, error
mag,0.802235,0.00231281
mag2,0.660868,0.00275462
mag4,0.464167,0.00279288
cluster size,269.62,2.55676
