name, average, error
mag,0.667221,0.00230057
mag2,0.469075,0.00236682
mag4,0.24522,0.00174215
cluster size,1903.62,26.5372
