name, average, error
mag,0.976109,0.000138789
mag2,0.95288,0.000269834
mag4,0.908323,0.00051017
cluster size,762.994,1.18148
