name, average, error
mag,0.829876,0.00177748
mag2,0.70234,0.00233285
mag4,0.515719,0.00272178
cluster size,567.915,3.4112
