name, average, error
mag,0.984296,0.000131554
mag2,0.968909,0.000256401
mag4,0.939058,0.000487358
cluster size,778.74,1.42079
