name, average, error
mag,0.92947,0.000691655
mag2,0.867884,0.000976348
mag4,0.762083,0.00146857
cluster size,345.387,2.80595
