name, average, error
mag,0.0439178,0.000644884
mag2,0.00304369,6.93527e-05
mag4,2.83205e-05,1.11676e-06
cluster size,12.5642,0.193333
