name, average, error
mag,0.725283,0.00396079
mag2,0.554651,0.00365915
mag4,0.343399,0.00340282
cluster size,456.303,4.59899
