name, average, error
mag,0.182885,0.00122172
mag2,0.0508358,0.000564218
mag4,0.00681524,0.000204115
cluster size,10.3848,0.210978
