name, average, error
mag,0.27987,0.00260313
mag2,0.110956,0.00175826
mag4,0.0264022,0.00064436
cluster size,87.0845,2.29234
