name, average, error
mag,0.966123,7.32002e-05
mag2,0.933427,0.000141194
mag4,0.871409,0.000262733
cluster size,3739.27,7.62984
