name, average, error
mag,0.8515,0.00109164
mag2,0.727771,0.00140365
mag4,0.534673,0.00161323
cluster size,1472.65,10.0165
