name, average, error
mag,0.0264585,0.000337366
mag2,0.00108992,3.24972e-05
mag4,3.49299e-06,2.93795e-07
cluster size,2.36125,0.0199557
