name, average, error
mag,0.711239,0.00495783
mag2,0.529687,0.00596426
mag4,0.309852,0.00539022
cluster size,419.264,7.40352
