name, average, error
mag,0.985149,4.51671e-05
mag2,0.970525,8.89254e-05
mag4,0.941937,0.00017235
cluster size,7765.9,11.2732
