name, average, error
mag,0.910006,0.000574498
mag2,0.829076,0.000951457
mag4,0.689953,0.00142847
cluster size,6661.96,39.7181
