name, average, error
mag,0.0248365,0.000472284
mag2,0.000973204,3.32626e-05
mag4,2.88015e-06,2.3806e-07
cluster size,1.898,0.0153107
