name, average, error
mag,0.952307,0.000310113
mag2,0.90728,0.000554294
mag4,0.824353,0.000932673
cluster size,1803.86,5.68571
