name, average, error
mag,0.751475,0.00354451
mag2,0.602589,0.00375718
mag4,0.416032,0.00344386
cluster size,120.216,1.87022
