name, average, error
mag,0.878965,0.00318807
mag2,0.779161,0.00410091
mag4,0.619661,0.00437681
cluster size,1560.91,12.8827
