name, average, error
mag,0.821924,0.00239882
mag2,0.694512,0.00308027
mag4,0.512273,0.00327874
cluster size,554.837,6.9971
