name, average, error
mag,0.975905,0.000343224
mag2,0.952753,0.000658603
mag4,0.909079,0.00121849
cluster size,190.256,0.409422
