name, average, error
mag,0.843325,0.00257032
mag2,0.734153,0.00396206
mag4,0.578006,0.00549362
cluster size,146.981,1.92603
