name, average, error
mag,0.957311,0.000214188
mag2,0.916655,0.000410132
mag4,0.841018,0.000752309
cluster size,739.705,2.60316
