name, average, error
mag,0.0563702,0.000646754
mag2,0.00501472,0.000104347
mag4,7.4276e-05,2.83702e-06
cluster size,10.413,0.307298
