name, average, error
mag,0.821663,0.00150254
mag2,0.687519,0.00192299
mag4,0.491808,0.00209246
cluster size,1378.83,18.1518
