name, average, error
mag,0.932398,0.000745062
mag2,0.871229,0.00102724
mag4,0.763441,0.00138038
cluster size,693.402,3.54861
