name, average, error
mag,0.429105,0.00634926
mag2,0.235544,0.00475534
mag4,0.0929811,0.00229422
cluster size,194.256,5.80875
