name, average, error
mag,0.96562,0.000362587
mag2,0.933067,0.000686349
mag4,0.872907,0.00123553
cluster size,186.48,0.407811
