name, average, error
mag,0.153832,0.00192499
mag2,0.035611,0.000700782
mag4,0.00318821,0.000109802
cluster size,276.869,5.92457
