name, average, error
mag,0.993394,1.85978e-05
mag2,0.986833,3.69233e-05
mag4,0.973847,7.27701e-05
cluster size,7903.87,10.2026
