name, average, error
mag,0.999897,2.88247e-05
mag2,0.999794,5.73105e-05
mag4,0.999591,0.000113286
cluster size,2999.71,0.061922
