name, average, error
mag,0.999643,6.4454e-05
mag2,0.999292,0.000126633
mag4,0.998604,0.000244661
cluster size,2996.39,2.6071
