name, average, error
mag,0.998892,0.000473016
mag2,0.997918,0.000819249
mag4,0.996249,0.00125333
cluster size,999.148,0.232903
