name, average, error
mag,0.970767,0.0016186
mag2,0.947497,0.00232575
mag4,0.908872,0.0032795
cluster size,280.984,1.7393
