name, average, error
mag,0.992627,0.000654572
mag2,0.985719,0.00114019
mag4,0.972899,0.00184656
cluster size,295.835,0.643702
