name, average, error
mag,0.999999,2.98969e-07
mag2,0.999998,5.97883e-07
mag4,0.999995,1.19555e-06
cluster size,30000,0.00843933
