name, average, error
mag,0.999999,3.36283e-07
mag2,0.999999,6.72525e-07
mag4,0.999997,1.34489e-06
cluster size,30000,0.00943398
