name, average, error
mag,0.95342,0.00512956
mag2,0.92101,0.00687104
mag4,0.870732,0.00846082
cluster size,275.594,2.45292
