name, average, error
mag,0.999999,3.26599e-07
mag2,0.999998,6.53167e-07
mag4,0.999995,1.30622e-06
cluster size,30000,0.00737111
