name, average, error
mag,0.999997,1.25334e-06
mag2,0.999994,2.50503e-06
mag4,0.999989,5.00346e-06
cluster size,29999.9,0.0229226
