name, average, error
mag,0.71348,0.00869806
mag2,0.57094,0.0093918
mag4,0.410828,0.00912833
cluster size,57.059,1.10057
