name, average, error
mag,0.999827,2.04396e-05
mag2,0.999654,4.06268e-05
mag4,0.999311,8.02592e-05
cluster size,2999.37,0.101629
