name, average, error
mag,0.78442,0.00851913
mag2,0.664651,0.00917278
mag4,0.513761,0.00865411
cluster size,65.966,0.854875
