name, average, error
mag,0.981333,0.00144755
mag2,0.965417,0.00226261
mag4,0.938024,0.00333938
cluster size,288.647,0.854237
