name, average, error
mag,0.98914,0.000965706
mag2,0.979305,0.00161962
mag4,0.961621,0.00245425
cluster size,293.896,1.08614
