name, average, error
mag,0.91748,0.00366572
mag2,0.856321,0.00469257
mag4,0.760668,0.00598225
cluster size,85.221,1.08758
