name, average, error
mag,0.89302,0.00379865
mag2,0.817146,0.00515553
mag4,0.704665,0.00625431
cluster size,81.394,0.507931
