name, average, error
mag,0.988307,0.000610218
mag2,0.977469,0.00112244
mag4,0.957615,0.00202422
cluster size,292.073,0.979379
