name, average, error
mag,0.996646,0.00039662
mag2,0.99353,0.000733497
mag4,0.987827,0.00131443
cluster size,994.695,1.87973
