name, average, error
mag,0.99882,0.000116276
mag2,0.997658,0.000225231
mag4,0.995383,0.000424024
cluster size,997.649,1.00175
