name, average, error
mag,0.99768,0.000322766
mag2,0.995488,0.000554146
mag4,0.991378,0.000850587
cluster size,993.056,1.96291
