name, average, error
mag,0.999999,2.94811e-07
mag2,0.999998,5.89563e-07
mag4,0.999997,1.17889e-06
cluster size,30000,0.00495536
