name, average, error
mag,0.999282,7.46815e-05
mag2,0.998569,0.000148403
mag4,0.997158,0.000293055
cluster size,995.312,2.20366
