name, average, error
mag,0.999825,2.4263e-05
mag2,0.99965,4.83241e-05
mag4,0.999303,9.58514e-05
cluster size,2998.83,0.584336
