name, average, error
mag,0.998058,0.000492237
mag2,0.996387,0.00074776
mag4,0.993415,0.000987533
cluster size,996.816,1.1919
