name, average, error
mag,0.83642,0.00574212
mag2,0.736297,0.00797785
mag4,0.601803,0.00995382
cluster size,74.286,0.944011
