name, average, error
mag,0.63754,0.0066962
mag2,0.47328,0.00756271
mag4,0.30594,0.00716932
cluster size,46.803,1.28112
