name, average, error
mag,0.999984,3.55027e-06
mag2,0.999967,7.09473e-06
mag4,0.999934,1.41663e-05
cluster size,9999.79,0.0274955
