name, average, error
mag,0.999994,1.63299e-06
mag2,0.999988,3.2647e-06
mag4,0.999976,6.52427e-06
cluster size,9999.94,0.0117568
