name, average, error
mag,0.999881,2.38058e-05
mag2,0.999763,4.71608e-05
mag4,0.99953,9.25601e-05
cluster size,2999.57,0.0811453
