name, average, error
mag,0.999979,6.2482e-06
mag2,0.999958,1.24776e-05
mag4,0.999917,2.488e-05
cluster size,9999.84,0.0343851
