name, average, error
mag,0.999997,9.36503e-07
mag2,0.999995,1.87243e-06
mag4,0.99999,3.74256e-06
cluster size,29999.9,0.015308
