name, average, error
mag,0.999992,1.6452e-06
mag2,0.999984,3.28802e-06
mag4,0.999969,6.56659e-06
cluster size,9999.9,0.0156915
