name, average, error
mag,0.999977,1.74408e-05
mag2,0.999955,3.4568e-05
mag4,0.999912,6.7904e-05
cluster size,9999.84,0.0900549
