name, average, error
mag,0.999898,2.00506e-05
mag2,0.999796,3.99052e-05
mag4,0.999594,7.90349e-05
cluster size,2999.77,0.0305669
