name, average, error
mag,0.999965,1.71067e-05
mag2,0.999931,3.39231e-05
mag4,0.999863,6.67053e-05
cluster size,9999.64,0.117721
