name, average, error
mag,0.986265,0.00480995
mag2,1.10183,0.0325341
mag4,1.72649,0.181705
cluster size,194.113,0.354212
