name, average, error
mag,0.966197,0.000477858
mag2,0.934952,0.000921517
mag4,0.879424,0.00202137
cluster size,7485.31,23.7155
