name, average, error
mag,0.968495,0.00685997
mag2,1.37059,0.0781812
mag4,3.56503,0.511907
cluster size,187.839,0.550384
