name, average, error
mag,0.978364,0.000554608
mag2,0.959051,0.00117787
mag4,0.926871,0.00325932
cluster size,1910.82,4.18089
