name, average, error
mag,0.894563,0.000640461
mag2,0.802348,0.00094246
mag4,0.648427,0.00180213
cluster size,6389.07,34.5172
