name, average, error
mag,0.0900044,0.0011262
mag2,0.0124858,0.000323788
mag4,0.000454536,2.88362e-05
cluster size,10.0295,0.148263
