name, average, error
mag,0.987853,0.0028036
mag2,0.995033,0.00883931
mag4,1.06515,0.0363902
cluster size,777.938,1.77071
