name, average, error
mag,0.0292731,0.000261999
mag2,0.00135366,2.26815e-05
mag4,5.4466e-06,1.80933e-07
cluster size,5.48925,0.0729612
