name, average, error
mag,0.0518944,0.000630655
mag2,0.0042825,0.00010213
mag4,5.5852e-05,2.76298e-06
cluster size,3.62025,0.0498852
