name, average, error
mag,0.94122,0.00285042
mag2,0.909158,0.00530978
mag4,0.909745,0.0185886
cluster size,359.899,1.35056
