name, average, error
mag,0.0382356,0.000247031
mag2,0.00233026,2.63089e-05
mag4,1.65457e-05,5.45535e-07
cluster size,1.88775,0.0277375
