name, average, error
mag,0.0195069,0.000400255
mag2,0.000596675,2.44219e-05
mag4,1.07216e-06,9.76718e-08
cluster size,2.36,0.0267213
