name, average, error
mag,0.931598,0.00112388
mag2,0.873588,0.00198344
mag4,0.779175,0.0042962
cluster size,346.655,0.982201
