name, average, error
mag,0.89085,0.00435008
mag2,0.837229,0.0223548
mag4,0.841663,0.0903587
cluster size,160.863,1.1175
