name, average, error
mag,0.0939162,0.00160677
mag2,0.0138367,0.000468973
mag4,0.000565486,3.88412e-05
cluster size,10.3815,0.216825
