name, average, error
mag,0.378539,0.00468889
mag2,0.187154,0.00352037
mag4,0.0621252,0.00181364
cluster size,147.756,2.77699
