name, average, error
mag,0.0132214,0.000253518
mag2,0.000271941,9.25882e-06
mag4,2.23392e-07,1.40313e-08
cluster size,2.3835,0.0378102
