name, average, error
mag,0.133334,0.00110446
mag2,0.0272292,0.000357758
mag4,0.00203026,6.73506e-05
cluster size,214.649,4.81191
