name, average, error
mag,0.027578,0.000358062
mag2,0.00119803,2.88429e-05
mag4,4.27119e-06,2.06033e-07
cluster size,2.355,0.0211804
