name, average, error
mag,0.066895,0.000847013
mag2,0.00691565,0.000167505
mag4,0.000138891,7.87495e-06
cluster size,2.8215,0.0360501
