name, average, error
mag,0.106417,0.00143821
mag2,0.0178349,0.000470431
mag4,0.000942722,4.77453e-05
cluster size,3.68425,0.0467292
