name, average, error
mag,0.895255,0.00103588
mag2,0.808089,0.00216014
mag4,0.673198,0.00738442
cluster size,1615.38,8.51006
