name, average, error
mag,0.818107,0.00234589
mag2,0.73641,0.0148479
mag4,0.713156,0.0660081
cluster size,137.364,0.718049
