name, average, error
mag,0.944107,0.000954013
mag2,0.895577,0.00210936
mag4,0.817177,0.00657509
cluster size,1782.86,6.59988
