name, average, error
mag,0.985326,0.000624922
mag2,0.972344,0.00150095
mag4,0.951191,0.00440918
cluster size,1938.07,4.49891
