name, average, error
mag,0.148251,0.00233567
mag2,0.0341337,0.000940744
mag4,0.00332719,0.000153895
cluster size,28.0098,0.413391
