name, average, error
mag,0.97792,0.00097676
mag2,0.961749,0.00220967
mag4,0.945701,0.00917424
cluster size,383.713,0.790017
