name, average, error
mag,0.987283,0.00156415
mag2,0.99712,0.00826886
mag4,1.08175,0.0390584
cluster size,387.942,0.77667
