name, average, error
mag,0.986562,0.0006654
mag2,0.977205,0.001551
mag4,0.970084,0.00509474
cluster size,7771.56,14.2099
