name, average, error
mag,0.197324,0.00202587
mag2,0.0583743,0.00104821
mag4,0.00853101,0.000284663
cluster size,498.702,15.0425
