name, average, error
mag,0.465631,0.00405932
mag2,0.267664,0.00360124
mag4,0.111418,0.0023444
cluster size,108.487,1.94787
