name, average, error
mag,0.776602,0.00183068
mag2,0.616386,0.00239743
mag4,0.398735,0.00237651
cluster size,2462.57,22.13
