name, average, error
mag,0.973673,0.00459574
mag2,0.98466,0.00963945
mag4,1.10938,0.0314198
cluster size,762.854,2.13065
