name, average, error
mag,0.989725,0.0102564
mag2,1.23011,0.0849171
mag4,2.54924,0.498698
cluster size,193.929,0.424324
