name, average, error
mag,0.0541737,0.000575065
mag2,0.00463696,9.47297e-05
mag4,6.47864e-05,3.30314e-06
cluster size,1.88675,0.0214995
