name, average, error
mag,0.983233,0.00559323
mag2,1.26372,0.0696546
mag4,2.79645,0.433691
cluster size,190.219,0.556723
