name, average, error
mag,0.254319,0.00307214
mag2,0.0929218,0.00186081
mag4,0.0193729,0.000661174
cluster size,188.649,5.26506
