name, average, error
mag,0.946259,0.000801504
mag2,0.897245,0.00172855
mag4,0.811619,0.00417305
cluster size,7161.02,26.2062
