name, average, error
mag,0.945683,0.00185632
mag2,0.909757,0.00852608
mag4,0.883351,0.0369361
cluster size,712.976,2.35251
