name, average, error
mag,0.952704,0.00419792
mag2,0.94958,0.00961024
mag4,1.0539,0.0348635
cluster size,365.173,1.21922
