name, average, error
mag,0.993642,0.000559826
mag2,0.990077,0.00118586
mag4,0.991125,0.00559294
cluster size,7897.73,16.5813
