name, average, error
mag,0.993789,0.000819888
mag2,0.989055,0.00142654
mag4,0.983903,0.00291558
cluster size,1972.38,1.7588
