name, average, error
mag,0.142572,0.00122343
mag2,0.0313557,0.000587354
mag4,0.00275779,0.000139261
cluster size,12.3432,0.220061
