name, average, error
mag,0.985282,0.000368199
mag2,0.974056,0.00129849
mag4,0.961512,0.00602923
cluster size,3869.04,6.62338
