name, average, error
mag,0.449145,0.00274007
mag2,0.262299,0.00266136
mag4,0.12003,0.0024612
cluster size,51.2317,1.0705
