name, average, error
mag,0.182015,0.00245833
mag2,0.0505237,0.00116714
mag4,0.00691096,0.000321848
cluster size,10.0965,0.165152
