name, average, error
mag,0.597081,0.00452273
mag2,0.420932,0.00521614
mag4,0.247659,0.00486156
cluster size,168.75,1.8511
