name, average, error
mag,0.985259,0.00218555
mag2,0.986967,0.00361211
mag4,1.03703,0.0224364
cluster size,387.8,0.518704
