name, average, error
mag,0.0171599,0.000233842
mag2,0.000462994,1.04044e-05
mag4,6.38866e-07,3.54695e-08
cluster size,3.648,0.0487394
