name, average, error
mag,0.981915,0.00180402
mag2,0.97366,0.00464616
mag4,0.984891,0.0176065
cluster size,1934.95,3.9493
