name, average, error
mag,0.0344965,0.000417143
mag2,0.00186498,4.41596e-05
mag4,1.04343e-05,5.672e-07
cluster size,3.61925,0.0237523
