name, average, error
mag,0.549637,0.00451459
mag2,0.36703,0.00623514
mag4,0.20989,0.0114428
cluster size,69.2643,0.722728
