name, average, error
mag,0.955898,0.00221038
mag2,0.929237,0.00318552
mag4,0.92029,0.00978069
cluster size,1837.52,6.89775
