name, average, error
mag,0.195507,0.00246269
mag2,0.0577313,0.00147366
mag4,0.00893423,0.000555612
cluster size,10.6203,0.196972
