name, average, error
mag,0.957924,0.00194792
mag2,0.924463,0.00340426
mag4,0.879782,0.0112178
cluster size,738.098,2.10002
