name, average, error
mag,0.951946,0.000275078
mag2,0.906728,0.000496386
mag4,0.823602,0.000892367
cluster size,3611.66,11.107
