name, average, error
mag,0.992729,0.000258614
mag2,0.98609,0.000399112
mag4,0.974656,0.000790682
cluster size,3946.77,5.74637
