name, average, error
mag,0.977548,0.000829377
mag2,0.961407,0.0027789
mag4,0.945943,0.0132071
cluster size,763.077,2.27103
