name, average, error
mag,0.375506,0.00333748
mag2,0.189443,0.00261788
mag4,0.0665856,0.00137599
cluster size,383.769,7.21348
