name, average, error
mag,0.482211,0.00204156
mag2,0.29289,0.00205744
mag4,0.139095,0.00209094
cluster size,115.662,1.2436
