name, average, error
mag,0.97825,0.00383575
mag2,1.00417,0.029158
mag4,1.19663,0.149981
cluster size,380.726,0.971817
