name, average, error
mag,0.0564947,0.000591755
mag2,0.00503665,9.85662e-05
mag4,7.55505e-05,2.90541e-06
cluster size,10.0642,0.228016
