name, average, error
mag,0.0714662,0.000785589
mag2,0.00786216,0.000151119
mag4,0.000176378,8.21378e-06
cluster size,3.26075,0.0368726
