name, average, error
mag,0.0766595,0.000761822
mag2,0.0092649,0.000198268
mag4,0.000258179,1.43963e-05
cluster size,77.5383,1.56552
