name, average, error
mag,0.07627,0.00056713
mag2,0.00912155,0.000124339
mag4,0.000246056,8.57683e-06
cluster size,1.8785,0.024026
