name, average, error
mag,0.128559,0.00164078
mag2,0.025186,0.000510621
mag4,0.00173402,6.36547e-05
cluster size,198.475,6.07576
