name, average, error
mag,0.957622,0.00125969
mag2,0.92317,0.00236241
mag4,0.874731,0.00740923
cluster size,7347.09,13.5253
