name, average, error
mag,0.0232666,0.000320388
mag2,0.000847746,2.38164e-05
mag4,2.12799e-06,1.18885e-07
cluster size,3.267,0.0294364
