name, average, error
mag,0.95355,0.000698628
mag2,0.911873,0.00165517
mag4,0.84046,0.0046519
cluster size,1821.07,6.47413
