name, average, error
mag,0.043785,0.000466726
mag2,0.00298505,4.54248e-05
mag4,2.57235e-05,5.65308e-07
cluster size,2.34475,0.0293458
