name, average, error
mag,0.890342,0.000697095
mag2,0.795402,0.001285
mag4,0.641205,0.0034899
cluster size,6370,45.3816
