name, average, error
mag,0.0211444,0.000389908
mag2,0.000703774,2.23147e-05
mag4,1.50377e-06,8.72446e-08
cluster size,2.93,0.0314753
