name, average, error
mag,0.0240056,0.000248175
mag2,0.00090171,1.43458e-05
mag4,2.35896e-06,6.84132e-08
cluster size,3.6055,0.0578333
