name, average, error
mag,0.994611,0.00206249
mag2,1.02054,0.00889856
mag4,1.1656,0.0440608
cluster size,394.946,0.515363
