name, average, error
mag,0.984346,0.000206435
mag2,0.969071,0.000411468
mag4,0.939617,0.000832498
cluster size,7748.62,14.6987
