name, average, error
mag,0.155105,0.00129534
mag2,0.0369243,0.000669838
mag4,0.00373063,0.000169485
cluster size,75.3658,1.44775
