name, average, error
mag,0.17884,0.00207002
mag2,0.0486506,0.000962192
mag4,0.00613447,0.000229599
cluster size,197.824,3.7582
