name, average, error
mag,0.11226,0.0015124
mag2,0.0197702,0.000619995
mag4,0.00116956,9.13863e-05
cluster size,7.76475,0.137122
