name, average, error
mag,0.990199,0.000173191
mag2,0.98063,0.000338001
mag4,0.962166,0.000669687
cluster size,7853.25,15.7033
