name, average, error
mag,0.0336863,0.000385333
mag2,0.00177234,3.66951e-05
mag4,9.10726e-06,3.89173e-07
cluster size,3.504,0.0514676
