name, average, error
mag,0.891948,0.00160618
mag2,0.798893,0.00311866
mag4,0.648779,0.00648272
cluster size,3173.2,15.7523
