name, average, error
mag,0.67374,0.00376238
mag2,0.513929,0.004318
mag4,0.342929,0.00502543
cluster size,101.63,0.645037
