name, average, error
mag,0.126649,0.00194204
mag2,0.0249875,0.000646411
mag4,0.00177745,8.76395e-05
cluster size,10.2305,0.225989
