name, average, error
mag,0.0526987,0.000448974
mag2,0.00435747,8.48302e-05
mag4,5.63778e-05,2.89982e-06
cluster size,3.58475,0.0510276
