name, average, error
mag,0.931715,0.00207395
mag2,0.894722,0.00713982
mag4,0.887382,0.0368481
cluster size,174.563,0.939847
