name, average, error
mag,0.131195,0.00158419
mag2,0.026884,0.000554677
mag4,0.00206495,7.12552e-05
cluster size,5.387,0.0947129
