name, average, error
mag,0.0164828,0.000266576
mag2,0.000424754,1.19777e-05
mag4,5.50176e-07,2.88826e-08
cluster size,3.59675,0.0765235
