name, average, error
mag,0.246354,0.00126857
mag2,0.0882513,0.000855138
mag4,0.01798,0.00039344
cluster size,70.5895,1.64482
