name, average, error
mag,0.0760112,0.00083527
mag2,0.00896162,0.000186841
mag4,0.00023224,1.02595e-05
cluster size,3.62025,0.0595078
