name, average, error
mag,0.0447921,0.000522
mag2,0.00315004,7.59845e-05
mag4,2.91221e-05,1.39223e-06
cluster size,12.6315,0.191268
