name, average, error
mag,0.986812,0.000795501
mag2,0.976424,0.00253091
mag4,0.963615,0.00896134
cluster size,3877.45,9.5221
