name, average, error
mag,0.10472,0.00110959
mag2,0.0171946,0.000360743
mag4,0.000857685,4.42891e-05
cluster size,3.30225,0.0422796
