name, average, error
mag,0.302657,0.00385268
mag2,0.131923,0.00327758
mag4,0.0393895,0.00216123
cluster size,25.2435,0.414934
