name, average, error
mag,0.0660069,0.000897323
mag2,0.00683856,0.000170495
mag4,0.000140239,5.98471e-06
cluster size,5.23425,0.10322
