name, average, error
mag,0.0493607,0.000729317
mag2,0.00383994,0.00010114
mag4,4.41885e-05,2.30815e-06
cluster size,7.51875,0.198002
