name, average, error
mag,0.058431,0.000728307
mag2,0.00535785,0.000145827
mag4,8.52486e-05,5.8069e-06
cluster size,10.9485,0.243437
