name, average, error
mag,0.0865825,0.000697466
mag2,0.0118839,0.000189031
mag4,0.000425167,1.97835e-05
cluster size,2.3725,0.0335555
