name, average, error
mag,0.07411,0.000601317
mag2,0.00856813,0.00017003
mag4,0.000214243,1.14206e-05
cluster size,3.65375,0.0543666
