name, average, error
mag,0.0147082,0.00032871
mag2,0.000344008,1.74716e-05
mag4,3.71831e-07,4.16132e-08
cluster size,2.88025,0.0379445
