name, average, error
mag,0.772097,0.00154413
mag2,0.608627,0.00200705
mag4,0.387647,0.00245626
cluster size,4852.38,48.5773
