name, average, error
mag,0.0404984,0.000515174
mag2,0.00259405,6.60425e-05
mag4,2.04338e-05,1.33729e-06
cluster size,10.0207,0.181223
