name, average, error
mag,0.515329,0.00438639
mag2,0.32461,0.00434832
mag4,0.158663,0.00303589
cluster size,263.452,4.00532
