name, average, error
mag,0.933252,0.000715705
mag2,0.873734,0.00138549
mag4,0.771943,0.00344977
cluster size,702.141,3.18673
