name, average, error
mag,0.0346604,0.000322903
mag2,0.00188184,2.78053e-05
mag4,1.04706e-05,2.83431e-07
cluster size,7.53675,0.147822
