name, average, error
mag,0.959331,0.0047859
mag2,1.00018,0.0352661
mag4,1.30373,0.187626
cluster size,368.093,0.821285
