name, average, error
mag,0.0924062,0.00130273
mag2,0.0133293,0.000316681
mag4,0.000512714,2.7679e-05
cluster size,5.399,0.0783167
