name, average, error
mag,0.952493,0.00034933
mag2,0.90895,0.00102033
mag4,0.832368,0.00395551
cluster size,7246.43,17.8095
