name, average, error
mag,0.0652901,0.000622088
mag2,0.00669902,0.000130064
mag4,0.000134901,7.67979e-06
cluster size,28.7638,0.555975
