name, average, error
mag,0.892962,0.00428607
mag2,0.84609,0.0212167
mag4,0.873505,0.0940066
cluster size,636.054,4.1466
