name, average, error
mag,0.215596,0.00228407
mag2,0.0692023,0.00134085
mag4,0.0119075,0.000407508
cluster size,27.8345,0.432783
