name, average, error
mag,0.967843,0.0029106
mag2,0.950959,0.007777
mag4,0.957755,0.0275775
cluster size,750.673,1.77126
