name, average, error
mag,0.155435,0.001491
mag2,0.0373078,0.000810939
mag4,0.00394745,0.000185495
cluster size,7.53225,0.183714
