name, average, error
mag,1.00132,0.0117834
mag2,1.47743,0.127245
mag4,4.23554,0.83534
cluster size,195.578,0.151089
