name, average, error
mag,0.0209504,0.00028189
mag2,0.000686135,1.73415e-05
mag4,1.37551e-06,7.57579e-08
cluster size,5.45975,0.0872771
