name, average, error
mag,0.107511,0.000749571
mag2,0.0179981,0.000262111
mag4,0.000941799,3.63154e-05
cluster size,71.8515,1.68131
