name, average, error
mag,0.89617,0.000612384
mag2,0.804585,0.00102669
mag4,0.65096,0.00160465
cluster size,3217.13,15.9749
