name, average, error
mag,0.376478,0.00323124
mag2,0.190163,0.00242725
mag4,0.0670989,0.00104885
cluster size,155.291,2.42461
