name, average, error
mag,0.576937,0.00561788
mag2,0.400758,0.0067957
mag4,0.237358,0.00851724
cluster size,80.3282,0.737012
