name, average, error
mag,0.784312,0.00209827
mag2,0.629287,0.00289316
mag4,0.417823,0.00372538
cluster size,1275.05,7.40574
