name, average, error
mag,0.992785,0.0046365
mag2,1.03426,0.0230658
mag4,1.26628,0.151927
cluster size,197.233,0.151567
