name, average, error
mag,0.955605,0.0141297
mag2,1.30047,0.109706
mag4,3.25029,0.670461
cluster size,179.673,0.682652
