name, average, error
mag,0.944707,0.000588293
mag2,0.893441,0.00116277
mag4,0.801697,0.00250693
cluster size,3575.53,13.4663
