name, average, error
mag,0.135461,0.0022035
mag2,0.0281413,0.000879979
mag4,0.00218685,0.000129176
cluster size,10.7515,0.311488
