name, average, error
mag,0.802526,0.0023732
mag2,0.673762,0.00588451
mag4,0.516732,0.0178675
cluster size,265.311,2.08983
