name, average, error
mag,0.0469977,0.000491952
mag2,0.00347158,7.63446e-05
mag4,3.55595e-05,2.03785e-06
cluster size,28.2715,0.532229
