name, average, error
mag,0.93237,0.000572794
mag2,0.870338,0.00097555
mag4,0.760599,0.00156561
cluster size,1748.11,7.53261
