name, average, error
mag,0.950233,0.00134549
mag2,0.925997,0.00347262
mag4,0.938709,0.023632
cluster size,181.637,0.359364
