name, average, error
mag,0.0173338,0.000398796
mag2,0.000477981,2.09739e-05
mag4,7.08024e-07,6.25151e-08
cluster size,1.86475,0.0187877
