name, average, error
mag,0.0628757,0.000726011
mag2,0.006318,0.000151303
mag4,0.000127997,8.55409e-06
cluster size,12.7357,0.306284
