name, average, error
mag,0.892934,0.00138025
mag2,0.809386,0.00348843
mag4,0.693343,0.0140323
cluster size,1603.2,10.1767
