name, average, error
mag,0.959105,0.00734494
mag2,1.16251,0.101102
mag4,2.37002,0.639067
cluster size,184.119,0.531784
