name, average, error
mag,0.895235,0.000842469
mag2,0.807361,0.00116448
mag4,0.667345,0.00489478
cluster size,648.571,4.27633
