name, average, error
mag,0.07725,0.000946603
mag2,0.00942202,0.000200048
mag4,0.000267542,9.21939e-06
cluster size,7.60275,0.122471
