name, average, error
mag,0.260937,0.00250661
mag2,0.0962135,0.00126184
mag4,0.0198389,0.000436559
cluster size,189.632,3.40142
