name, average, error
mag,0.965641,0.000711807
mag2,0.941937,0.00257918
mag4,0.922705,0.0137288
cluster size,1859.56,4.12446
