name, average, error
mag,0.0630625,0.00101988
mag2,0.00632425,0.00020761
mag4,0.000120993,8.55748e-06
cluster size,2.333,0.0232044
