name, average, error
mag,0.0935,0.000829215
mag2,0.0136947,0.00026438
mag4,0.000556814,2.60439e-05
cluster size,2.81275,0.0466018
