name, average, error
mag,0.989522,0.000380112
mag2,0.979981,0.000655379
mag4,0.963602,0.00125331
cluster size,3919.71,6.23452
