name, average, error
mag,0.976382,0.00088058
mag2,0.95515,0.00144903
mag4,0.919276,0.00262294
cluster size,1904.41,4.09661
