name, average, error
mag,0.023835,0.000414863
mag2,0.000877881,2.76396e-05
mag4,2.18179e-06,1.36149e-07
cluster size,3.62025,0.0877983
