name, average, error
mag,0.112222,0.00132177
mag2,0.0193575,0.00044297
mag4,0.0010629,5.33048e-05
cluster size,3.703,0.0728724
