name, average, error
mag,0.980661,0.00697243
mag2,1.2632,0.0488235
mag4,2.79928,0.343441
cluster size,392.276,0.897585
