name, average, error
mag,0.894538,0.00137571
mag2,0.809535,0.00223969
mag4,0.678681,0.00479577
cluster size,323.243,1.83056
