name, average, error
mag,0.987894,0.00169366
mag2,0.983077,0.00231145
mag4,0.994434,0.0123265
cluster size,784.847,1.32411
