name, average, error
mag,0.0518025,0.000839613
mag2,0.00425887,0.000154117
mag4,5.74394e-05,5.22092e-06
cluster size,3.31475,0.0526604
