name, average, error
mag,0.985696,0.00129215
mag2,0.986135,0.00534437
mag4,1.02899,0.0256838
cluster size,775.799,2.00533
