name, average, error
mag,0.0124306,0.000433384
mag2,0.00024757,1.64914e-05
mag4,1.92265e-07,2.73839e-08
cluster size,1.8725,0.0194686
