name, average, error
mag,0.277582,0.0026163
mag2,0.110929,0.00192552
mag4,0.0271114,0.000821308
cluster size,467.832,8.6311
