name, average, error
mag,0.0245023,0.000334404
mag2,0.000952798,2.46034e-05
mag4,2.82418e-06,1.62266e-07
cluster size,1.8765,0.0234941
