name, average, error
mag,0.0950052,0.00114904
mag2,0.0139391,0.000291881
mag4,0.000542503,2.75809e-05
cluster size,27.7632,0.583356
