name, average, error
mag,0.976622,0.000387093
mag2,0.955673,0.00104432
mag4,0.92049,0.00491695
cluster size,3801.56,15.479
