name, average, error
mag,0.0290119,0.000187628
mag2,0.00132766,1.69861e-05
mag4,5.41241e-06,2.19502e-07
cluster size,10.395,0.300878
