name, average, error
mag,0.9905,0.00128861
mag2,0.987635,0.00362737
mag4,1.00118,0.0144934
cluster size,1957.91,3.54366
