name, average, error
mag,0.100666,0.00135568
mag2,0.0157795,0.000351374
mag4,0.000728509,3.92168e-05
cluster size,12.4065,0.259541
