name, average, error
mag,0.798878,0.00222577
mag2,0.661663,0.00539114
mag4,0.483821,0.0140417
cluster size,517.108,4.45568
