name, average, error
mag,0.0299475,0.000208726
mag2,0.00140614,2.2286e-05
mag4,5.78555e-06,2.51862e-07
cluster size,2.87175,0.0312273
