name, average, error
mag,0.0161888,0.000368151
mag2,0.000409388,1.61686e-05
mag4,4.96195e-07,3.1982e-08
cluster size,3.305,0.0436559
