name, average, error
mag,0.892169,0.00167165
mag2,0.843842,0.0187553
mag4,0.867634,0.0870699
cluster size,316.325,2.11328
