name, average, error
mag,0.0284766,0.00034182
mag2,0.00127652,3.15295e-05
mag4,4.8082e-06,2.61019e-07
cluster size,10.4455,0.208399
