name, average, error
mag,0.977782,0.000621857
mag2,0.956939,0.00122172
mag4,0.919102,0.00251275
cluster size,7662.47,22.4497
