name, average, error
mag,0.977206,0.000627997
mag2,0.958843,0.00276557
mag4,0.934349,0.0112379
cluster size,7619.28,21.5834
