name, average, error
mag,0.032258,0.00036797
mag2,0.00163121,3.22744e-05
mag4,7.68127e-06,3.56928e-07
cluster size,3.285,0.0378576
