name, average, error
mag,0.931907,0.000665331
mag2,0.871752,0.00153059
mag4,0.771194,0.00573084
cluster size,3516.33,14.0692
