name, average, error
mag,0.0405664,0.00064859
mag2,0.00259078,7.24894e-05
mag4,1.9887e-05,1.252e-06
cluster size,10.446,0.275623
