name, average, error
mag,0.0410583,0.000407308
mag2,0.00267205,4.34371e-05
mag4,2.17876e-05,1.07711e-06
cluster size,5.48225,0.0876645
