name, average, error
mag,0.0320989,0.000444126
mag2,0.00161377,3.77718e-05
mag4,7.65942e-06,2.7174e-07
cluster size,12.535,0.288432
