name, average, error
mag,0.957172,0.000619829
mag2,0.918895,0.0021369
mag4,0.854367,0.00831049
cluster size,3682.41,11.6413
