name, average, error
mag,0.0485644,0.000498709
mag2,0.00366207,5.6796e-05
mag4,3.93814e-05,1.46484e-06
cluster size,2.79275,0.0330329
