name, average, error
mag,0.977849,0.000301259
mag2,0.957181,0.0006384
mag4,0.919996,0.00175841
cluster size,3829.23,9.54598
