name, average, error
mag,0.894875,0.00302081
mag2,0.855448,0.0145145
mag4,0.90561,0.069641
cluster size,162.875,0.841215
