name, average, error
mag,0.963626,0.00204451
mag2,0.94077,0.00408557
mag4,0.930716,0.0171321
cluster size,372.618,1.3095
