name, average, error
mag,0.206782,0.00205227
mag2,0.0650703,0.00146788
mag4,0.0112223,0.000619463
cluster size,12.3667,0.209281
