name, average, error
mag,0.932529,0.000265871
mag2,0.870018,0.00048895
mag4,0.758101,0.000844401
cluster size,6957.18,22.8775
