name, average, error
mag,0.976825,0.00185729
mag2,0.979188,0.00680227
mag4,1.05477,0.0401568
cluster size,192.095,0.424997
