name, average, error
mag,0.951289,0.00155962
mag2,0.9152,0.00272251
mag4,0.874333,0.00999319
cluster size,728.042,2.66505
