name, average, error
mag,0.998718,0.00424054
mag2,1.03508,0.010978
mag4,1.22051,0.046171
cluster size,790.535,0.360906
