name, average, error
mag,0.343624,0.00358189
mag2,0.166477,0.0029215
mag4,0.0585304,0.0017646
cluster size,64.79,1.24875
