name, average, error
mag,0.965662,0.000889808
mag2,0.935569,0.00134256
mag4,0.886729,0.00251082
cluster size,3735.06,10.9806
