name, average, error
mag,0.0240683,0.000340801
mag2,0.000911602,2.51117e-05
mag4,2.54903e-06,1.47688e-07
cluster size,7.674,0.119073
