name, average, error
mag,0.182395,0.00178508
mag2,0.0501413,0.00080328
mag4,0.00632013,0.000201791
cluster size,216.388,5.13778
