name, average, error
mag,0.806655,0.00244554
mag2,0.661145,0.00348359
mag4,0.4566,0.00414518
cluster size,262.962,3.03282
