name, average, error
mag,0.809823,0.000562626
mag2,0.656221,0.000809395
mag4,0.431523,0.000909346
cluster size,13138.3,125.741
