name, average, error
mag,0.207465,0.00434654
mag2,0.0655359,0.00250862
mag4,0.0113777,0.000678179
cluster size,13.4535,0.524729
