name, average, error
mag,0.899355,0.000967132
mag2,0.811001,0.00167362
mag4,0.664154,0.00257205
cluster size,325.89,1.76814
