name, average, error
mag,0.976415,0.000438181
mag2,0.953898,0.000845253
mag4,0.911791,0.00157843
cluster size,190.705,0.786688
