name, average, error
mag,0.0472965,0.000988304
mag2,0.00350955,0.000132874
mag4,3.5325e-05,2.71597e-06
cluster size,7.054,0.245986
