name, average, error
mag,0.0652665,0.000813529
mag2,0.0067587,0.000137399
mag4,0.00013601,6.57831e-06
cluster size,14.339,0.50793
