name, average, error
mag,0.022265,0.000232739
mag2,0.000775203,1.71526e-05
mag4,1.82326e-06,8.92083e-08
cluster size,3.075,0.0436527
