name, average, error
mag,0.975533,7.80807e-05
mag2,0.951677,0.000152359
mag4,0.905737,0.000290071
cluster size,7559.02,20.7749
