name, average, error
mag,0.114665,0.00193165
mag2,0.02026,0.0006464
mag4,0.00113497,8.18379e-05
cluster size,39.492,0.593412
