name, average, error
mag,0.0485925,0.000736278
mag2,0.00367771,0.000108072
mag4,4.22103e-05,2.57717e-06
cluster size,3.0075,0.0694392
