name, average, error
mag,0.810447,0.00109686
mag2,0.661744,0.00145995
mag4,0.448144,0.00154319
cluster size,521.797,5.09078
