name, average, error
mag,0.105022,0.00195484
mag2,0.0174937,0.00058393
mag4,0.000910292,5.68764e-05
cluster size,7.174,0.248605
