name, average, error
mag,0.0356515,0.000649809
mag2,0.00196829,6.33823e-05
mag4,1.11198e-05,6.18768e-07
cluster size,38.8445,1.63356
