name, average, error
mag,0.0755862,0.00109419
mag2,0.00882971,0.000250929
mag4,0.000226958,1.33934e-05
cluster size,7.1195,0.253434
