name, average, error
mag,0.896015,0.00202982
mag2,0.807728,0.00330093
mag4,0.665494,0.00488533
cluster size,159.069,0.969671
