name, average, error
mag,0.390491,0.00410704
mag2,0.191478,0.00297372
mag4,0.0583441,0.0012887
cluster size,377.347,5.45688
