name, average, error
mag,0.59169,0.00328399
mag2,0.400921,0.00378221
mag4,0.21452,0.0035382
cluster size,79.7115,1.16466
