name, average, error
mag,0.0155773,0.00041283
mag2,0.000376801,1.78809e-05
mag4,4.18679e-07,3.54828e-08
cluster size,3.0845,0.0404382
