name, average, error
mag,0.0461485,0.00105523
mag2,0.00340329,0.000135869
mag4,3.59906e-05,2.3032e-06
cluster size,13.329,0.281043
