name, average, error
mag,0.0731725,0.00113417
mag2,0.00827139,0.000212771
mag4,0.000193679,8.57254e-06
cluster size,3.1115,0.0495538
