name, average, error
mag,0.33492,0.00506614
mag2,0.154789,0.00429882
mag4,0.0485008,0.00235278
cluster size,31.3755,0.89242
