name, average, error
mag,0.250587,0.00291539
mag2,0.090647,0.00175464
mag4,0.0185859,0.000676447
cluster size,36.416,1.58153
