name, average, error
mag,0.152082,0.00319388
mag2,0.0347742,0.0012457
mag4,0.00308728,0.000195073
cluster size,651.476,26.5032
