name, average, error
mag,0.97543,0.000447552
mag2,0.951732,0.000861324
mag4,0.906792,0.00159703
cluster size,379.053,2.43667
