name, average, error
mag,0.80858,0.000666045
mag2,0.655826,0.000830995
mag4,0.43389,0.00105583
cluster size,2621.22,24.2646
