name, average, error
mag,0.939609,0.000147507
mag2,0.882908,0.000277457
mag4,0.779678,0.000490891
cluster size,7073.33,42.0445
