name, average, error
mag,0.148775,0.00189023
mag2,0.0344254,0.000611515
mag4,0.00349569,0.000120405
cluster size,6.6895,0.208115
