name, average, error
mag,0.310211,0.00462059
mag2,0.128281,0.00285761
mag4,0.0299679,0.00107085
cluster size,498.251,16.9531
