name, average, error
mag,0.546977,0.00527814
mag2,0.344137,0.00517109
mag4,0.158639,0.00370607
cluster size,139.742,2.55776
