name, average, error
mag,0.975715,0.000139505
mag2,0.952071,0.000272297
mag4,0.906636,0.000518812
cluster size,1901.86,4.63877
