name, average, error
mag,0.032917,0.000736152
mag2,0.00169601,6.16915e-05
mag4,8.86724e-06,5.76054e-07
cluster size,7.096,0.210436
