name, average, error
mag,0.97568,4.20383e-05
mag2,0.951956,8.20285e-05
mag4,0.906239,0.000156165
cluster size,19181.1,71.9218
