name, average, error
mag,0.975267,0.000164994
mag2,0.951278,0.000321728
mag4,0.905424,0.000612383
cluster size,763.672,1.85295
