name, average, error
mag,0.940113,0.000767755
mag2,0.884765,0.00137597
mag4,0.785918,0.00229504
cluster size,352.328,2.94071
