name, average, error
mag,0.0559825,0.00040474
mag2,0.00498258,8.86832e-05
mag4,7.62603e-05,3.80989e-06
cluster size,40.381,1.87345
