name, average, error
mag,0.975706,0.000120203
mag2,0.952029,0.000234272
mag4,0.906459,0.000444991
cluster size,3787.87,14.7613
