name, average, error
mag,0.09945,0.00126339
mag2,0.0154493,0.000341048
mag4,0.000672237,4.05905e-05
cluster size,3.013,0.0627703
