name, average, error
mag,0.0796045,0.0011068
mag2,0.00982902,0.000250832
mag4,0.000276737,1.54783e-05
cluster size,39.8995,1.70669
