name, average, error
mag,0.00979955,0.000328255
mag2,0.000150225,1.00168e-05
mag4,6.63728e-08,9.23641e-09
cluster size,3.0435,0.0692903
