name, average, error
mag,0.232746,0.0033817
mag2,0.0775506,0.00186627
mag4,0.0130708,0.000491009
cluster size,621.111,23.8279
