name, average, error
mag,0.939075,0.000383329
mag2,0.882038,0.000717172
mag4,0.778602,0.00125617
cluster size,1762.63,8.72965
