name, average, error
mag,0.486213,0.00418515
mag2,0.279795,0.00325058
mag4,0.110703,0.00181878
cluster size,232.989,3.80931
