name, average, error
mag,0.939936,0.000486428
mag2,0.883898,0.000912973
mag4,0.78273,0.0016112
cluster size,701.07,3.67784
