name, average, error
mag,0.150467,0.00259663
mag2,0.0348908,0.000890002
mag4,0.00332629,0.000131648
cluster size,13.0695,0.449083
