name, average, error
mag,0.899056,8.84131e-05
mag2,0.808346,0.000158571
mag4,0.653567,0.00025517
cluster size,16283.5,109.979
