name, average, error
mag,0.0145648,0.000175111
mag2,0.000335744,6.81774e-06
mag4,3.44656e-07,2.45488e-08
cluster size,6.302,0.097363
