name, average, error
mag,0.898607,0.000422679
mag2,0.807704,0.000752703
mag4,0.653054,0.00119605
cluster size,3209.55,23.4729
