name, average, error
mag,0.898434,0.000726139
mag2,0.808168,0.00129754
mag4,0.656222,0.00208026
cluster size,641.216,5.48011
