name, average, error
mag,0.898964,0.000597446
mag2,0.808602,0.00106805
mag4,0.6553,0.00171644
cluster size,1633.34,5.4153
