name, average, error
mag,0.180689,0.0024667
mag2,0.0487012,0.00130743
mag4,0.00591218,0.000268169
cluster size,41.1065,1.46726
