name, average, error
mag,0.0214246,0.000351665
mag2,0.000718194,2.28466e-05
mag4,1.54235e-06,1.13323e-07
cluster size,13.2335,0.542149
