name, average, error
mag,0.0238205,0.000650403
mag2,0.000893168,4.35274e-05
mag4,2.43279e-06,2.2953e-07
cluster size,6.6355,0.176828
