name, average, error
mag,0.94044,0.000576667
mag2,0.886334,0.00103008
mag4,0.791815,0.00169605
cluster size,177.251,1.00351
