name, average, error
mag,0.104851,0.00273532
mag2,0.017005,0.000765052
mag4,0.000798086,6.62592e-05
cluster size,14.502,0.441146
