name, average, error
mag,0.898581,0.000286915
mag2,0.807554,0.000515519
mag4,0.652481,0.000832521
cluster size,6585.99,44.4809
