name, average, error
mag,0.93968,0.000117065
mag2,0.883087,0.000218957
mag4,0.780158,0.000383335
cluster size,3576,14.4465
