name, average, error
mag,0.939389,0.000124335
mag2,0.88247,0.000233165
mag4,0.77882,0.000410026
cluster size,17832.3,60.7081
