name, average, error
mag,0.031145,0.000575521
mag2,0.00155006,6.37495e-05
mag4,7.57198e-06,6.89934e-07
cluster size,3.174,0.0432551
