name, average, error
mag,0.0324874,0.00040351
mag2,0.00165839,4.18383e-05
mag4,8.51844e-06,6.80307e-07
cluster size,13.094,0.570662
