name, average, error
mag,0.809769,0.00101806
mag2,0.656527,0.00146938
mag4,0.432757,0.0016951
cluster size,5282.76,58.8716
