name, average, error
mag,0.809468,0.000885108
mag2,0.657923,0.0012056
mag4,0.438532,0.00142674
cluster size,1314.72,13.7134
