name, average, error
mag,0.80793,0.00245789
mag2,0.668265,0.00342373
mag4,0.475106,0.00421595
cluster size,133.532,1.18299
