name, average, error
mag,0.0798887,0.00229018
mag2,0.0101657,0.000539282
mag4,0.000321328,3.12914e-05
cluster size,203.751,2.60993
