name, average, error
mag,0.982101,0.00293111
mag2,0.972771,0.0040674
mag4,0.961181,0.00503429
cluster size,3896.99,16.887
