name, average, error
mag,0.223682,0.00321207
mag2,0.075433,0.00173581
mag4,0.0154219,0.000712047
cluster size,303.365,7.55402
