name, average, error
mag,0.826885,0.00527327
mag2,0.745051,0.00700423
mag4,0.652853,0.00799899
cluster size,15044.8,111.068
