name, average, error
mag,0.193195,0.00370684
mag2,0.0584779,0.00194394
mag4,0.00970439,0.000637408
cluster size,488.058,13.9158
