name, average, error
mag,0.998763,2.7058e-05
mag2,0.99753,5.36809e-05
mag4,0.995069,0.000105669
cluster size,19954.8,13.4128
