name, average, error
mag,0.524098,0.00544029
mag2,0.36952,0.00486501
mag4,0.25027,0.00371999
cluster size,742.888,9.13787
