name, average, error
mag,0.126521,0.00119533
mag2,0.0252487,0.000464352
mag4,0.00191091,9.90725e-05
cluster size,193.597,3.42326
