name, average, error
mag,0.177369,0.00237125
mag2,0.0487181,0.00112859
mag4,0.00658966,0.000290482
cluster size,198.562,3.30133
