name, average, error
mag,0.128752,0.00266919
mag2,0.0253827,0.00102295
mag4,0.00181421,0.000154356
cluster size,197.171,4.00476
