name, average, error
mag,0.920082,0.00469287
mag2,0.886252,0.00569785
mag4,0.851107,0.00624603
cluster size,1764.48,10.3554
