name, average, error
mag,0.88873,0.00623842
mag2,0.843246,0.00827112
mag4,0.797201,0.00994873
cluster size,1680.81,11.3615
