name, average, error
mag,0.247146,0.00432487
mag2,0.0937285,0.00257465
mag4,0.0226106,0.00114181
cluster size,1963.67,58.6972
