name, average, error
mag,0.952138,0.00245962
mag2,0.926931,0.00346685
mag4,0.89476,0.00467889
cluster size,7470.4,24.52
