name, average, error
mag,0.435424,0.00846306
mag2,0.261147,0.00838451
mag4,0.135632,0.00644547
cluster size,5382.83,115.603
