name, average, error
mag,0.978867,0.00182985
mag2,0.967885,0.00226996
mag4,0.953681,0.00252545
cluster size,1939.86,4.52923
