name, average, error
mag,0.74985,0.0074125
mag2,0.650485,0.00902169
mag4,0.55435,0.0101564
cluster size,2582.12,22.9932
