name, average, error
mag,0.175055,0.00160663
mag2,0.0481297,0.00108202
mag4,0.00688365,0.000422864
cluster size,192.144,3.0682
