name, average, error
mag,0.999322,1.56818e-05
mag2,0.998646,3.11342e-05
mag4,0.997296,6.13714e-05
cluster size,7990.44,3.95842
