name, average, error
mag,0.976385,0.00279159
mag2,0.965378,0.00350994
mag4,0.952137,0.00392378
cluster size,7755.07,25.7778
