name, average, error
mag,0.394553,0.00291888
mag2,0.220301,0.00219387
mag4,0.103208,0.001941
cluster size,4391.89,114.595
