name, average, error
mag,0.631985,0.00634161
mag2,0.495636,0.00717524
mag4,0.373563,0.00743861
cluster size,4011.75,46.6074
