name, average, error
mag,0.127853,0.00248009
mag2,0.0253232,0.00102182
mag4,0.00184568,0.000161394
cluster size,201.874,2.49741
