name, average, error
mag,0.997512,3.75463e-05
mag2,0.995034,7.36735e-05
mag4,0.990108,0.000141917
cluster size,19895,21.6316
