name, average, error
mag,0.255191,0.0032617
mag2,0.099013,0.00221857
mag4,0.0264094,0.00128771
cluster size,202.735,3.54813
