name, average, error
mag,0.185637,0.00194376
mag2,0.0534936,0.00106238
mag4,0.00819725,0.000405737
cluster size,204.779,2.13708
