name, average, error
mag,0.989967,0.00101159
mag2,0.984341,0.00138505
mag4,0.976312,0.00172859
cluster size,1962.75,4.65858
