name, average, error
mag,0.247591,0.00416826
mag2,0.0948139,0.00239195
mag4,0.0243547,0.00112006
cluster size,190.965,2.04756
