name, average, error
mag,0.317995,0.00232186
mag2,0.148426,0.00228369
mag4,0.0536542,0.00195254
cluster size,596.247,7.71787
