name, average, error
mag,0.274359,0.00317293
mag2,0.115137,0.00228739
mag4,0.034699,0.00149874
cluster size,462.252,11.7824
