name, average, error
mag,0.0798066,0.000768361
mag2,0.00982267,0.000131488
mag4,0.000264731,9.89736e-06
cluster size,194.576,2.88312
