name, average, error
mag,0.71304,0.0060222
mag2,0.602522,0.0069974
mag4,0.496105,0.00757522
cluster size,1208.08,13.5699
