name, average, error
mag,0.787865,0.00626635
mag2,0.702993,0.00851455
mag4,0.619328,0.0100109
cluster size,2821.11,38.6815
