name, average, error
mag,0.523196,0.00470072
mag2,0.361687,0.00535499
mag4,0.230882,0.00531339
cluster size,2923.14,68.0872
