name, average, error
mag,0.997157,0.000476918
mag2,0.994731,0.000549768
mag4,0.989988,0.00061896
cluster size,3987.19,3.08679
