name, average, error
mag,0.999363,0.000237598
mag2,0.998845,0.000357534
mag4,0.997962,0.000445661
cluster size,7993.61,2.44496
