name, average, error
mag,0.253005,0.00371891
mag2,0.0983443,0.0022176
mag4,0.0260532,0.00106181
cluster size,198.226,2.86522
