name, average, error
mag,0.998831,2.03333e-05
mag2,0.997664,4.05002e-05
mag4,0.995335,8.03477e-05
cluster size,7985.03,3.92307
