name, average, error
mag,0.363849,0.00635754
mag2,0.195882,0.00591556
mag4,0.0892127,0.00420846
cluster size,783.765,7.81825
