name, average, error
mag,0.999341,4.03764e-05
mag2,0.998683,8.01984e-05
mag4,0.997374,0.000158244
cluster size,1996.72,1.33547
