name, average, error
mag,0.566775,0.00392913
mag2,0.414447,0.00446414
mag4,0.283568,0.0050433
cluster size,1633.62,25.8454
