name, average, error
mag,0.952521,0.00352619
mag2,0.928386,0.0050738
mag4,0.899368,0.00654663
cluster size,18576.5,67.3502
