name, average, error
mag,0.179201,0.00295928
mag2,0.0492714,0.00174401
mag4,0.00655571,0.000490487
cluster size,199.571,3.37404
