name, average, error
mag,0.588992,0.00626607
mag2,0.443682,0.00653562
mag4,0.319249,0.00598041
cluster size,3562.95,40.6483
