name, average, error
mag,0.392898,0.00566388
mag2,0.224779,0.00517197
mag4,0.112844,0.00427075
cluster size,447.615,12.7217
