name, average, error
mag,0.99141,0.00131825
mag2,0.986501,0.00170638
mag4,0.97983,0.00207112
cluster size,3938.83,10.0194
