name, average, error
mag,0.334241,0.00428481
mag2,0.16648,0.00408078
mag4,0.0678934,0.0032446
cluster size,666.453,11.6805
