name, average, error
mag,0.99955,3.9994e-05
mag2,0.999103,7.76036e-05
mag4,0.998218,0.000146335
cluster size,19991.6,0.380188
