name, average, error
mag,0.998722,5.10504e-05
mag2,0.997453,9.77455e-05
mag4,0.994946,0.000180121
cluster size,1996.47,0.9977
