name, average, error
mag,0.817777,0.00458591
mag2,0.744769,0.00617736
mag4,0.673717,0.00745111
cluster size,2963.2,29.297
