name, average, error
mag,0.0787616,0.000735224
mag2,0.00984375,0.000211735
mag4,0.000292043,1.58767e-05
cluster size,195.518,3.17395
