name, average, error
mag,0.236473,0.00422121
mag2,0.0856479,0.00241583
mag4,0.0200696,0.000886902
cluster size,684.369,11.8813
