name, average, error
mag,0.999738,0.000145712
mag2,0.99952,0.000249192
mag4,0.999165,0.000375526
cluster size,19995.3,1.77431
