name, average, error
mag,0.948665,0.00300759
mag2,0.921685,0.00430397
mag4,0.88554,0.00541948
cluster size,3671.67,14.8774
