name, average, error
mag,0.257536,0.00218398
mag2,0.0993571,0.00193005
mag4,0.025241,0.00139321
cluster size,787.777,13.1886
