name, average, error
mag,0.140565,0.00183718
mag2,0.0303966,0.000594133
mag4,0.00252523,9.04044e-05
cluster size,587.725,21.3487
