name, average, error
mag,0.124919,0.00181088
mag2,0.0241858,0.000434877
mag4,0.00170014,5.98892e-05
cluster size,198.665,1.7498
