name, average, error
mag,0.956748,0.00230262
mag2,0.933791,0.00299817
mag4,0.906258,0.00386567
cluster size,18725.8,86.8878
