name, average, error
mag,0.679473,0.00668058
mag2,0.557521,0.00789014
mag4,0.446504,0.00837007
cluster size,2291.09,32.3205
