name, average, error
mag,0.932264,0.00277334
mag2,0.898887,0.00349898
mag4,0.858387,0.00410598
cluster size,18084.8,58.6149
