name, average, error
mag,0.156614,0.00296293
mag2,0.0374785,0.0011909
mag4,0.00383563,0.00019406
cluster size,303.433,7.37655
