name, average, error
mag,0.997461,6.41557e-05
mag2,0.994939,0.000121957
mag4,0.989939,0.000222177
cluster size,7953.44,11.9243
