name, average, error
mag,0.990717,0.00136002
mag2,0.985392,0.00192835
mag4,0.97814,0.00245954
cluster size,1972.65,3.23183
