name, average, error
mag,0.971528,0.00259415
mag2,0.957499,0.00360934
mag4,0.940128,0.00444841
cluster size,7687.36,24.9669
