name, average, error
mag,0.999258,4.757e-05
mag2,0.998521,9.15453e-05
mag4,0.997065,0.000169912
cluster size,19965.9,13.7434
