name, average, error
mag,0.247818,0.0031809
mag2,0.0955522,0.00264336
mag4,0.0257615,0.0017296
cluster size,193.98,2.37166
