name, average, error
mag,0.10004,0.00136426
mag2,0.0157356,0.000396268
mag4,0.000732678,3.67661e-05
cluster size,318.486,8.78222
