name, average, error
mag,0.322564,0.0056885
mag2,0.15487,0.00553792
mag4,0.0580522,0.00387484
cluster size,308.793,8.2786
