name, average, error
mag,0.175785,0.00241922
mag2,0.0479295,0.000807676
mag4,0.00650053,0.000254643
cluster size,199.353,3.94138
