name, average, error
mag,0.14902,0.00206848
mag2,0.034278,0.00103468
mag4,0.00330112,0.000180513
cluster size,673.102,15.0453
