name, average, error
mag,0.39595,0.00892919
mag2,0.227776,0.00801885
mag4,0.112676,0.00562153
cluster size,1841.1,36.6822
