name, average, error
mag,0.0808376,0.00118504
mag2,0.010206,0.000330687
mag4,0.000305636,2.47836e-05
cluster size,202.929,1.73468
