name, average, error
mag,0.972269,0.00259773
mag2,0.957378,0.00339199
mag4,0.937643,0.00422797
cluster size,3819.44,12.1143
