name, average, error
mag,0.159096,0.0026994
mag2,0.0389566,0.00122113
mag4,0.00431271,0.000253108
cluster size,784.86,14.3524
