name, average, error
mag,0.999529,0.000103199
mag2,0.999081,0.000183249
mag4,0.99824,0.000293023
cluster size,1999.16,0.0992898
