name, average, error
mag,0.999893,2.11765e-05
mag2,0.999787,4.16658e-05
mag4,0.999579,8.06892e-05
cluster size,1999.8,0.0181667
