name, average, error
mag,0.998663,0.000134303
mag2,0.997359,0.00024005
mag4,0.994821,0.000392457
cluster size,3990.65,2.57558
