name, average, error
mag,0.832647,0.00556127
mag2,0.76238,0.006411
mag4,0.689741,0.00631077
cluster size,1517.95,12.8403
