name, average, error
mag,0.999565,4.5106e-05
mag2,0.999135,8.76199e-05
mag4,0.998286,0.000165633
cluster size,3998.36,0.0945312
