name, average, error
mag,0.999257,5.51519e-05
mag2,0.998518,0.000108263
mag4,0.997051,0.000208748
cluster size,3991.21,3.10983
