name, average, error
mag,0.968617,0.00211091
mag2,0.948979,0.00288805
mag4,0.920894,0.0037434
cluster size,1893.71,9.01078
