name, average, error
mag,0.462358,0.00456868
mag2,0.294709,0.00410481
mag4,0.169774,0.00341924
cluster size,6240.13,64.0324
