name, average, error
mag,0.993975,0.000953963
mag2,0.990572,0.00131859
mag4,0.986104,0.0016953
cluster size,1975.13,3.76598
