name, average, error
mag,0.446507,0.00392868
mag2,0.283096,0.00380543
mag4,0.165792,0.00372248
cluster size,573.041,11.2992
