name, average, error
mag,0.0807839,0.0013271
mag2,0.0102182,0.000292393
mag4,0.000312728,2.14887e-05
cluster size,195.142,2.54489
