name, average, error
mag,0.999763,0.000130657
mag2,0.99956,0.000227554
mag4,0.999223,0.000352956
cluster size,7998.56,0.553783
