name, average, error
mag,0.126103,0.00159463
mag2,0.0246201,0.000700396
mag4,0.00174784,0.000111679
cluster size,455.279,10.4882
