name, average, error
mag,0.259149,0.00351612
mag2,0.101984,0.00266268
mag4,0.0273072,0.0014397
cluster size,198.845,2.54577
