name, average, error
mag,0.906208,0.00289726
mag2,0.859271,0.00340518
mag4,0.802256,0.00393261
cluster size,17178.2,73.2773
