name, average, error
mag,0.220133,0.00289749
mag2,0.0735656,0.00199554
mag4,0.0144797,0.000889942
cluster size,595.5,11.6819
