name, average, error
mag,0.965891,0.00370316
mag2,0.948808,0.00462735
mag4,0.92777,0.00540325
cluster size,7601.42,29.3902
