name, average, error
mag,0.997315,0.000146345
mag2,0.994685,0.000262465
mag4,0.989558,0.000432791
cluster size,1991.76,2.1504
