name, average, error
mag,0.341927,0.00494191
mag2,0.168085,0.00436359
mag4,0.0640307,0.00300716
cluster size,3311.07,41.9651
