name, average, error
mag,0.125258,0.00150621
mag2,0.0245982,0.000628981
mag4,0.00187023,0.000117688
cluster size,200.619,2.69099
