name, average, error
mag,0.869849,0.0053975
mag2,0.813582,0.00752429
mag4,0.755394,0.00947242
cluster size,1623.27,8.55116
