name, average, error
mag,0.908383,0.00465468
mag2,0.861501,0.00576771
mag4,0.804773,0.00677937
cluster size,6896.53,47.7865
