name, average, error
mag,0.980791,0.00175213
mag2,0.970386,0.00227783
mag4,0.956679,0.00280622
cluster size,3885.34,8.34585
