name, average, error
mag,0.479083,0.00764136
mag2,0.3207,0.0086794
mag4,0.204474,0.008897
cluster size,634.145,11.5887
