name, average, error
mag,0.683265,0.00728921
mag2,0.566488,0.00863337
mag4,0.462452,0.00880121
cluster size,4574.51,43.0734
