name, average, error
mag,0.999908,4.3946e-06
mag2,0.999817,8.78744e-06
mag4,0.999634,1.75682e-05
cluster size,3999.59,0.0226961
