name, average, error
mag,0.998334,0.000397375
mag2,0.997314,0.000573908
mag4,0.996043,0.00073237
cluster size,9962.95,6.02529
