name, average, error
mag,0.94784,0.00265471
mag2,0.916803,0.00375419
mag4,0.873623,0.00497615
cluster size,9200.3,40.6263
