name, average, error
mag,0.97928,0.000917093
mag2,0.96414,0.00137649
mag4,0.940536,0.00204214
cluster size,967.46,1.52728
