name, average, error
mag,0.953786,0.00144592
mag2,0.924522,0.00197842
mag4,0.881236,0.00254517
cluster size,2784.15,7.33656
