name, average, error
mag,0.757684,0.00576487
mag2,0.662821,0.00717711
mag4,0.572043,0.00764429
cluster size,2002.15,16.6047
