name, average, error
mag,0.977731,0.00150124
mag2,0.963251,0.00196864
mag4,0.9419,0.00254571
cluster size,964.617,1.6685
