name, average, error
mag,0.949637,0.00164441
mag2,0.917337,0.00221096
mag4,0.868992,0.00280479
cluster size,9214.02,25.2237
