name, average, error
mag,0.969691,0.0012916
mag2,0.949836,0.00173056
mag4,0.920529,0.00220203
cluster size,946.627,2.68511
