name, average, error
mag,0.961061,0.00127517
mag2,0.935963,0.00198803
mag4,0.898328,0.00305365
cluster size,9340.88,32.9715
