name, average, error
mag,0.981134,0.00152165
mag2,0.968316,0.00211803
mag4,0.948706,0.00268342
cluster size,2905.44,7.40235
