name, average, error
mag,0.940479,0.00322034
mag2,0.91962,0.00383004
mag4,0.902193,0.00423235
cluster size,924.414,3.79936
