name, average, error
mag,0.983863,0.00146367
mag2,0.972735,0.00199866
mag4,0.955281,0.00257349
cluster size,9737.24,19.254
