name, average, error
mag,0.984251,0.0017586
mag2,0.977334,0.00218658
mag4,0.970255,0.00244145
cluster size,9801,16.9449
