name, average, error
mag,0.965824,0.00136057
mag2,0.942342,0.002097
mag4,0.906931,0.00315288
cluster size,2833.99,4.63352
