name, average, error
mag,0.401442,0.00480993
mag2,0.235706,0.0046549
mag4,0.125577,0.00395097
cluster size,2393,23.1344
