name, average, error
mag,0.986837,0.000853126
mag2,0.978606,0.00114036
mag4,0.966877,0.00143358
cluster size,978.08,2.37658
