name, average, error
mag,0.977943,0.00129663
mag2,0.964839,0.0016577
mag4,0.946439,0.00203628
cluster size,963.948,2.17286
