name, average, error
mag,0.999987,9.10586e-06
mag2,0.999975,1.79013e-05
mag4,0.999952,3.46075e-05
cluster size,999.993,0.00450386
