name, average, error
mag,0.974476,0.00154823
mag2,0.957391,0.00210911
mag4,0.93179,0.00265925
cluster size,2871.65,7.03473
