name, average, error
mag,0.998015,0.000273637
mag2,0.996904,0.00039281
mag4,0.995671,0.000511999
cluster size,2991.3,1.58546
