name, average, error
mag,0.998984,0.00037666
mag2,0.998452,0.000534262
mag4,0.997918,0.000648852
cluster size,998.347,0.493984
