name, average, error
mag,0.988812,0.0011327
mag2,0.981399,0.00141387
mag4,0.969902,0.00163862
cluster size,2943.07,4.80261
