name, average, error
mag,0.910579,0.00239956
mag2,0.858886,0.00321067
mag4,0.788968,0.00411581
cluster size,2594.82,11.4133
