name, average, error
mag,0.974299,0.00140193
mag2,0.956577,0.0019676
mag4,0.92874,0.00258869
cluster size,9541.54,20.8546
