name, average, error
mag,0.941968,0.00186006
mag2,0.905719,0.0024499
mag4,0.854127,0.00297012
cluster size,9061.61,24.0333
