name, average, error
mag,0.984223,0.000997154
mag2,0.97318,0.00127407
mag4,0.955737,0.00156103
cluster size,974.485,2.01159
