name, average, error
mag,0.491864,0.00359119
mag2,0.329774,0.00391175
mag4,0.202923,0.0041596
cluster size,3301.55,23.7672
