name, average, error
mag,0.849384,0.00259861
mag2,0.767671,0.00355091
mag4,0.661716,0.00429619
cluster size,7676.46,46.3222
