name, average, error
mag,0.975121,0.00134238
mag2,0.959069,0.00174065
mag4,0.933782,0.00228702
cluster size,2882.68,6.63619
