name, average, error
mag,0.982661,0.000919895
mag2,0.97622,0.0012044
mag4,0.970198,0.00149179
cluster size,2926.65,4.40894
