name, average, error
mag,0.998952,0.000455423
mag2,0.998523,0.000626783
mag4,0.998118,0.000753452
cluster size,2996.21,1.44858
