name, average, error
mag,0.946134,0.00265615
mag2,0.914569,0.00348341
mag4,0.870913,0.00445642
cluster size,914.271,3.49685
