name, average, error
mag,0.962314,0.00191765
mag2,0.939089,0.0027842
mag4,0.906092,0.00368022
cluster size,942.577,3.18295
