name, average, error
mag,0.989059,0.0010535
mag2,0.982754,0.00137048
mag4,0.973707,0.00162108
cluster size,983.293,1.40993
