name, average, error
mag,0.92386,0.00205613
mag2,0.879575,0.00298851
mag4,0.820895,0.00417793
cluster size,8743.49,47.5391
