name, average, error
mag,0.987877,0.000840942
mag2,0.979606,0.00116092
mag4,0.96677,0.00158864
cluster size,977.631,1.91175
