name, average, error
mag,0.917373,0.00271726
mag2,0.868056,0.00345706
mag4,0.799624,0.00377231
cluster size,8674.42,31.7461
