name, average, error
mag,0.93115,0.00202223
mag2,0.886422,0.00280951
mag4,0.821629,0.0036856
cluster size,8906.6,46.6688
