name, average, error
mag,0.947074,0.00182666
mag2,0.916708,0.00247897
mag4,0.874601,0.00323353
cluster size,2756.17,10.1872
