name, average, error
mag,0.968662,0.00179928
mag2,0.95118,0.00252514
mag4,0.926886,0.00333551
cluster size,2852.87,7.08187
