name, average, error
mag,0.968372,0.00163464
mag2,0.949552,0.00224504
mag4,0.923002,0.00284334
cluster size,951.022,1.93284
