name, average, error
mag,0.999872,0.000105443
mag2,0.999789,0.000168678
mag4,0.999692,0.000232045
cluster size,9997.03,1.80482
