name, average, error
mag,0.877099,0.00251188
mag2,0.80809,0.00307741
mag4,0.718057,0.00337825
cluster size,8011.85,48.6902
