name, average, error
mag,0.980271,0.000986658
mag2,0.96844,0.00139226
mag4,0.951087,0.00188764
cluster size,971.448,2.12415
