name, average, error
mag,0.917669,0.00290682
mag2,0.885115,0.00396522
mag4,0.854734,0.00492002
cluster size,8868.5,37.9361
