name, average, error
mag,0.999997,2.21457e-06
mag2,0.999994,4.411e-06
mag4,0.999987,8.75008e-06
cluster size,2999.99,0.0106836
