name, average, error
mag,0.735655,0.00623567
mag2,0.647187,0.00751368
mag4,0.575383,0.00829188
cluster size,1944.44,17.376
