name, average, error
mag,0.960712,0.00221344
mag2,0.941154,0.00307711
mag4,0.917455,0.00385471
cluster size,9420.26,15.3054
