name, average, error
mag,0.999327,0.000182862
mag2,0.998884,0.000240641
mag4,0.998223,0.000291749
cluster size,2995.81,0.904192
