name, average, error
mag,0.939807,0.00160109
mag2,0.902042,0.00235417
mag4,0.847511,0.00338815
cluster size,2701.97,12.9001
