name, average, error
mag,0.996154,0.000780106
mag2,0.994468,0.000997223
mag4,0.992825,0.0011473
cluster size,994.697,0.862262
