name, average, error
mag,0.965748,0.00141282
mag2,0.944165,0.00206743
mag4,0.911549,0.0028496
cluster size,2833.59,10.0859
