name, average, error
mag,0.975816,0.0013126
mag2,0.960294,0.00177847
mag4,0.937211,0.00236675
cluster size,9619.97,20.5913
