name, average, error
mag,0.933644,0.00378909
mag2,0.894447,0.00491949
mag4,0.840472,0.00605163
cluster size,2668.29,9.75851
