name, average, error
mag,0.957147,0.0017818
mag2,0.932371,0.00214014
mag4,0.897156,0.00243701
cluster size,934.967,3.00293
