name, average, error
mag,0.992935,0.00104309
mag2,0.988062,0.00136994
mag4,0.980553,0.00172196
cluster size,989.275,1.47065
