name, average, error
mag,0.984536,0.00164853
mag2,0.974401,0.00240238
mag4,0.959902,0.00327527
cluster size,974.581,1.93407
