name, average, error
mag,0.916865,0.00249984
mag2,0.882155,0.00336349
mag4,0.846811,0.00409739
cluster size,886.892,3.52937
