name, average, error
mag,0.997996,0.000512811
mag2,0.996901,0.000739203
mag4,0.9955,0.00100065
cluster size,997.09,0.752596
