name, average, error
mag,0.965937,0.0020896
mag2,0.944608,0.00262447
mag4,0.913783,0.00306023
cluster size,9403.26,28.1218
