name, average, error
mag,0.999961,3.5154e-05
mag2,0.999926,6.52841e-05
mag4,0.99987,0.000113237
cluster size,999.928,0.0298874
