name, average, error
mag,0.978903,0.00135122
mag2,0.965588,0.00174604
mag4,0.94639,0.00205859
cluster size,2902.28,1.58365
