name, average, error
mag,0.996516,0.000719079
mag2,0.994703,0.00102703
mag4,0.992274,0.00134911
cluster size,2984.46,2.57784
