name, average, error
mag,0.958937,0.00186176
mag2,0.934512,0.00247452
mag4,0.901259,0.00310454
cluster size,2820.39,7.24073
