name, average, error
mag,0.986623,0.00124116
mag2,0.977656,0.00171759
mag4,0.963913,0.00224578
cluster size,2927.9,4.33828
