name, average, error
mag,0.898002,0.00249397
mag2,0.837323,0.00343822
mag4,0.754202,0.00449162
cluster size,8402.5,48.1568
