name, average, error
mag,0.209757,0.00142953
mag2,0.0653812,0.00079566
mag4,0.0108167,0.000303235
cluster size,26.6358,0.423728
