name, average, error
mag,0.990171,4.81852e-05
mag2,0.980451,9.52526e-05
mag4,0.961336,0.000186116
cluster size,1963.2,2.76199
