name, average, error
mag,0.105775,0.00148677
mag2,0.0175282,0.000390345
mag4,0.000874149,3.39083e-05
cluster size,3.5945,0.0663113
