name, average, error
mag,0.19879,0.00224548
mag2,0.0594741,0.00108708
mag4,0.00893267,0.000237286
cluster size,471.597,12.7682
