name, average, error
mag,0.670055,0.00333458
mag2,0.508329,0.00363342
mag4,0.332622,0.00330738
cluster size,102.499,1.04875
