name, average, error
mag,0.0241751,0.000193302
mag2,0.00091096,1.3217e-05
mag4,2.47162e-06,1.04082e-07
cluster size,3.68725,0.0791916
