name, average, error
mag,0.0758337,0.000884353
mag2,0.00902869,0.000222614
mag4,0.000245642,1.35839e-05
cluster size,3.546,0.0497497
