name, average, error
mag,0.4444,0.0019018
mag2,0.254055,0.00183268
mag4,0.110066,0.00132272
cluster size,51.263,0.746646
