name, average, error
mag,0.0537556,0.000779062
mag2,0.0045153,0.00012492
mag4,6.0682e-05,3.71261e-06
cluster size,3.6115,0.0493615
