name, average, error
mag,0.0547587,0.000713559
mag2,0.00474242,0.000115379
mag4,6.77516e-05,3.37063e-06
cluster size,1.8755,0.0210383
