name, average, error
mag,0.278604,0.00195662
mag2,0.111127,0.00106092
mag4,0.0271871,0.000467634
cluster size,441.874,8.45092
