name, average, error
mag,0.0898875,0.000756831
mag2,0.0124922,0.000213689
mag4,0.000440805,1.92668e-05
cluster size,10.3945,0.196654
