name, average, error
mag,0.97784,0.000253084
mag2,0.956382,0.000486234
mag4,0.915449,0.000900082
cluster size,384.303,0.93714
