name, average, error
mag,0.895405,0.00122571
mag2,0.807366,0.00169622
mag4,0.663553,0.0020134
cluster size,324.797,1.83221
