name, average, error
mag,0.944724,0.00017651
mag2,0.892823,0.000327596
mag4,0.798242,0.000568347
cluster size,713.989,3.67623
