name, average, error
mag,0.976008,9.80221e-05
mag2,0.95263,0.000191169
mag4,0.907646,0.000363638
cluster size,1906.04,3.58074
