name, average, error
mag,0.94435,0.000137295
mag2,0.891862,0.000259346
mag4,0.795647,0.00046299
cluster size,3559.24,19.8249
