name, average, error
mag,0.957015,0.000309748
mag2,0.916299,0.00058657
mag4,0.84112,0.00105493
cluster size,366.714,0.609057
