name, average, error
mag,0.06606,0.000649478
mag2,0.00695324,0.000121581
mag4,0.000150176,5.70835e-06
cluster size,2.8055,0.0251904
