name, average, error
mag,0.932641,0.000178052
mag2,0.870049,0.000313924
mag4,0.757706,0.00050169
cluster size,6968.88,25.6032
