name, average, error
mag,0.253624,0.00326919
mag2,0.0915785,0.00150775
mag4,0.0182361,0.000281763
cluster size,183.932,2.64535
