name, average, error
mag,0.0526925,0.00055053
mag2,0.00442446,9.1687e-05
mag4,5.99866e-05,3.1624e-06
cluster size,3.57375,0.0761735
