name, average, error
mag,0.0342343,0.000374887
mag2,0.00182277,4.05806e-05
mag4,9.73557e-06,4.68833e-07
cluster size,3.6755,0.0573013
