name, average, error
mag,0.777274,0.001305
mag2,0.616124,0.00133704
mag4,0.396643,0.00117884
cluster size,2499.91,26.8028
