name, average, error
mag,0.808345,0.00167879
mag2,0.675079,0.00219248
mag4,0.49084,0.0023546
cluster size,134.239,1.0714
