name, average, error
mag,0.0192595,0.000350072
mag2,0.000582399,1.88586e-05
mag4,9.92366e-07,6.29153e-08
cluster size,2.391,0.0298961
