name, average, error
mag,0.993375,0.00015741
mag2,0.986887,0.000308838
mag4,0.974306,0.000595188
cluster size,197.426,0.276851
