name, average, error
mag,0.0166562,0.000186271
mag2,0.000432032,9.95873e-06
mag4,5.54982e-07,3.75159e-08
cluster size,3.66475,0.0527421
