name, average, error
mag,0.795249,0.00192188
mag2,0.647549,0.00232272
mag4,0.442651,0.00229339
cluster size,522.436,3.13375
