name, average, error
mag,0.890567,0.000209584
mag2,0.79336,0.000368181
mag4,0.630193,0.000570637
cluster size,3167.75,21.0623
