name, average, error
mag,0.093955,0.00163769
mag2,0.0137709,0.000475781
mag4,0.000552245,3.8632e-05
cluster size,5.40625,0.0992991
