name, average, error
mag,0.124863,0.00151735
mag2,0.0239005,0.000488048
mag4,0.00156291,6.97493e-05
cluster size,200.408,6.42282
