name, average, error
mag,0.0614812,0.00079255
mag2,0.00592012,0.000147408
mag4,0.000102839,5.94541e-06
cluster size,2.3755,0.0374774
