name, average, error
mag,0.14928,0.00169462
mag2,0.0341055,0.000624496
mag4,0.00312416,0.000107848
cluster size,27.544,0.551475
