name, average, error
mag,0.99023,0.000134902
mag2,0.980618,0.000265572
mag4,0.961857,0.000514868
cluster size,392.861,0.523614
