name, average, error
mag,0.0211542,0.000361531
mag2,0.000704065,2.05591e-05
mag4,1.48588e-06,7.80826e-08
cluster size,5.25775,0.089346
