name, average, error
mag,0.891014,0.000842501
mag2,0.79619,0.00134482
mag4,0.640223,0.00185072
cluster size,320.99,1.32776
