name, average, error
mag,0.893823,0.000660351
mag2,0.800702,0.000934912
mag4,0.644742,0.00117117
cluster size,3226.63,12.1037
