name, average, error
mag,0.993329,4.98801e-05
mag2,0.986723,9.89383e-05
mag4,0.973706,0.000194661
cluster size,787.798,1.32242
