name, average, error
mag,0.895878,0.00128783
mag2,0.80607,0.00188667
mag4,0.657439,0.00249226
cluster size,652.729,3.29049
