name, average, error
mag,0.0351131,0.000341121
mag2,0.00192304,4.14864e-05
mag4,1.09579e-05,5.75443e-07
cluster size,7.52925,0.14513
