name, average, error
mag,0.029432,0.000368387
mag2,0.00136277,3.0365e-05
mag4,5.59383e-06,2.91239e-07
cluster size,5.32625,0.136182
