name, average, error
mag,0.977814,0.000194666
mag2,0.956216,0.000378781
mag4,0.914707,0.000717293
cluster size,768.045,1.97093
