name, average, error
mag,0.966181,0.000247061
mag2,0.933807,0.000481007
mag4,0.873088,0.00091201
cluster size,373.709,1.29647
