name, average, error
mag,0.95714,0.000336737
mag2,0.916939,0.000628352
mag4,0.843665,0.00110435
cluster size,183.308,0.655506
