name, average, error
mag,0.976075,5.01699e-05
mag2,0.952731,9.78764e-05
mag4,0.907731,0.000186269
cluster size,7660.17,17.1422
