name, average, error
mag,0.0744612,0.000605597
mag2,0.00864886,0.000117373
mag4,0.000216181,4.31692e-06
cluster size,3.653,0.0794257
