name, average, error
mag,0.370782,0.00239173
mag2,0.186046,0.00205608
mag4,0.0654466,0.00126752
cluster size,152.26,2.56392
