name, average, error
mag,0.376816,0.00407922
mag2,0.1901,0.00334613
mag4,0.0671284,0.00190054
cluster size,390.339,8.72124
