name, average, error
mag,0.984412,7.92096e-05
mag2,0.969082,0.000155432
mag4,0.93918,0.000299504
cluster size,3879.02,4.81144
