name, average, error
mag,0.0667512,0.000838076
mag2,0.00691319,0.000144042
mag4,0.000137494,4.78268e-06
cluster size,5.37575,0.129252
