name, average, error
mag,0.993441,2.71421e-05
mag2,0.986934,5.39245e-05
mag4,0.974073,0.000106429
cluster size,1976.95,2.3463
