name, average, error
mag,0.951812,0.000691749
mag2,0.90862,0.00111495
mag4,0.832789,0.00167852
cluster size,182.019,0.684945
