name, average, error
mag,0.04928,0.000381392
mag2,0.00384381,6.48386e-05
mag4,4.48463e-05,1.80203e-06
cluster size,7.7235,0.156878
