name, average, error
mag,0.0149026,0.000352597
mag2,0.000353765,1.66034e-05
mag4,3.89249e-07,3.54242e-08
cluster size,2.8815,0.0273892
