name, average, error
mag,0.0473279,0.000596944
mag2,0.00346349,7.47415e-05
mag4,3.45686e-05,1.50291e-06
cluster size,27.389,0.807177
