name, average, error
mag,0.15308,0.00169969
mag2,0.0357889,0.000717048
mag4,0.0034477,0.000147863
cluster size,72.302,2.29966
