name, average, error
mag,0.0427831,0.000472679
mag2,0.00289894,6.44385e-05
mag4,2.50011e-05,1.35671e-06
cluster size,2.376,0.0278742
