name, average, error
mag,0.485436,0.0032497
mag2,0.295591,0.00272095
mag4,0.13858,0.00211877
cluster size,118.146,2.51744
