name, average, error
mag,0.017272,0.000257119
mag2,0.000474898,1.42986e-05
mag4,6.95601e-07,4.35526e-08
cluster size,1.89125,0.0161342
