name, average, error
mag,0.295287,0.00412267
mag2,0.124531,0.00289172
mag4,0.0340839,0.00126352
cluster size,24.532,0.425473
