name, average, error
mag,0.966108,6.70837e-05
mag2,0.933381,0.000129429
mag4,0.871259,0.000240912
cluster size,7425.93,27.7873
