name, average, error
mag,0.200837,0.00277946
mag2,0.0611711,0.00169645
mag4,0.00997198,0.000502428
cluster size,12.0035,0.216785
