name, average, error
mag,0.242444,0.00216258
mag2,0.0850344,0.00143815
mag4,0.0166721,0.000538443
cluster size,65.6767,1.22985
