name, average, error
mag,0.078275,0.000941925
mag2,0.00969055,0.000218054
mag4,0.000283967,1.27167e-05
cluster size,1.87275,0.0178242
