name, average, error
mag,0.771321,0.00175376
mag2,0.606418,0.00193263
mag4,0.383156,0.00177522
cluster size,4833.76,40.2467
