name, average, error
mag,0.07322,0.000553992
mag2,0.0083789,0.00015387
mag4,0.000206287,9.95669e-06
cluster size,3.2475,0.0267628
