name, average, error
mag,0.890622,0.000183182
mag2,0.793335,0.00032385
mag4,0.629782,0.000506735
cluster size,6340.3,43.3511
