name, average, error
mag,0.952037,9.93334e-05
mag2,0.906461,0.000185823
mag4,0.821971,0.000327618
cluster size,7279.09,20.1569
