name, average, error
mag,0.89477,0.000531635
mag2,0.801342,0.000866942
mag4,0.644032,0.00122794
cluster size,6433.95,42.5275
