name, average, error
mag,0.9444,0.000114132
mag2,0.891923,0.000214795
mag4,0.795644,0.000380521
cluster size,7121.05,25.7186
