name, average, error
mag,0.0298993,0.000212291
mag2,0.00141807,2.32252e-05
mag4,6.12122e-06,2.54292e-07
cluster size,2.812,0.037712
