name, average, error
mag,0.984543,4.64067e-05
mag2,0.969352,9.11503e-05
mag4,0.939747,0.000175926
cluster size,1931.45,4.6553
