name, average, error
mag,0.0282136,0.000377864
mag2,0.00125345,3.08765e-05
mag4,4.82825e-06,2.91354e-07
cluster size,10.4243,0.13422
