name, average, error
mag,0.12943,0.00155096
mag2,0.025902,0.000569027
mag4,0.00192428,8.9385e-05
cluster size,5.2415,0.0954188
