name, average, error
mag,0.0322888,0.000407068
mag2,0.00164069,3.70395e-05
mag4,8.01113e-06,3.90764e-07
cluster size,3.26725,0.0380487
