name, average, error
mag,0.977573,4.7148e-05
mag2,0.95566,9.21454e-05
mag4,0.913325,0.000175996
cluster size,7647.9,13.5233
