name, average, error
mag,0.110774,0.00192087
mag2,0.0190996,0.000566199
mag4,0.00104559,4.99812e-05
cluster size,7.53075,0.177931
