name, average, error
mag,0.101865,0.00119648
mag2,0.0160361,0.000348265
mag4,0.000746027,3.12037e-05
cluster size,3.1515,0.0353616
