name, average, error
mag,0.047835,0.000600154
mag2,0.0035432,8.72259e-05
mag4,3.59858e-05,1.98076e-06
cluster size,2.87575,0.0454179
