name, average, error
mag,0.951217,0.000479808
mag2,0.906521,0.000727739
mag4,0.826148,0.00107179
cluster size,364.13,0.983006
