name, average, error
mag,0.985141,4.00245e-05
mag2,0.970513,7.89247e-05
mag4,0.941936,0.000153455
cluster size,3872.16,9.82696
