name, average, error
mag,0.984879,0.000182983
mag2,0.97009,0.000357193
mag4,0.941473,0.000680989
cluster size,387.579,0.765397
