name, average, error
mag,0.985004,7.21901e-05
mag2,0.970254,0.000141833
mag4,0.941472,0.000273779
cluster size,1947.07,3.19328
