name, average, error
mag,0.993381,2.91017e-05
mag2,0.98681,5.78418e-05
mag4,0.97381,0.000114252
cluster size,3942.95,4.08463
