name, average, error
mag,0.990185,3.79521e-05
mag2,0.980473,7.51256e-05
mag4,0.961351,0.000147187
cluster size,3922.53,6.2372
