name, average, error
steps,273266,35717.6
times,121.056,15.8344
sx,0.352059,0.00207157
sz,0.647941,0.00207157
mag,0.473825,0.00409218
mag2,0.513299,0.002465
mag4,0.393938,0.00282899
ising_order,0.000304869,0.000304869
corr_x,1
