name, average, error
steps,273266,35717.6
times,124.687,16.3383
sx,0.347649,0.00242818
sz,0.652351,0.00242818
mag,0.455237,0.0040838
mag2,0.521897,0.00289191
mag4,0.406676,0.00305903
ising_order,0.000304869,0.000304869
corr_x,1
