name, average, error
steps,273266,35717.6
times,6.63346,0.890439
sx,0.025744,8.43002e-05
sz,0.974256,8.43002e-05
mag,0.974256,8.43002e-05
mag2,0.949287,0.000163193
mag4,0.901566,0.000305923
ising_order,0.00263297,0.00263297
corr_x,1
