name, average, error
steps,273266,35717.6
times,4.87136,0.659806
sx,0.39199,0.000552189
sz,0.60801,0.000552189
mag,0.60801,0.000552189
mag2,0.375833,0.000662045
mag4,0.150295,0.000517889
ising_order,0.00019375,0.00019375
corr_x,1
