name, average, error
steps,273266,35717.6
times,112.766,14.7769
sx,0.330244,0.00186459
sz,0.669756,0.00186459
mag,0.436658,0.0042236
mag2,0.548584,0.00218415
mag4,0.443038,0.00240663
ising_order,0.00203391,0.00203391
corr_x,1
