name, average, error
steps,273266,35717.6
times,259.253,34.0993
sx,0.000726,0.000171188
sz,0.999274,0.000171188
mag,-0.000154,0.0004866
mag2,0.999062,0.000219853
mag4,0.998928,0.000253716
ising_order,0.0031,0.0031
corr_x,1
