name, average, error
steps,273266,35717.6
times,250.967,32.7971
sx,7.3e-05,4.48688e-05
sz,0.999927,4.48688e-05
mag,-2.7e-05,0.000158754
mag2,0.999897,5.71036e-05
mag4,0.999863,6.56378e-05
ising_order,0.0031,0.0031
corr_x,1
