name, average, error
steps,273266,35717.6
times,10.9285,1.44879
sx,0.78487,0.00112733
sz,0.21513,0.00112733
mag,0.183592,0.00165419
mag2,0.0676031,0.000692789
mag4,0.0111166,0.000236514
ising_order,1.1909e-06,1.1909e-06
corr_x,1
