name, average, error
steps,273266,35717.6
times,51.9514,6.80294
sx,0.205023,0.00119461
sz,0.794977,0.00119461
mag,0.792205,0.00123026
mag2,0.669327,0.00155765
mag4,0.513838,0.00180718
ising_order,0.00083309,0.00083309
corr_x,1
