name, average, error
steps,273266,35717.6
times,215.932,28.2603
sx,0.002481,0.000300783
sz,0.997519,0.000300783
mag,0.000657,0.000809122
mag2,0.996803,0.000355474
mag4,0.996287,0.000385755
ising_order,0.0031,0.0031
corr_x,1
