name, average, error
steps,273266,35717.6
times,5.69453,0.759803
sx,0.021869,4.66674e-05
sz,0.978131,4.66674e-05
mag,0.978131,4.66674e-05
mag2,0.956782,9.07566e-05
mag4,0.915591,0.0001717
ising_order,0.00285934,0.00285934
corr_x,1
