name, average, error
steps,273266,35717.6
times,133.315,17.4747
sx,0.324577,0.00233729
sz,0.675423,0.00233729
mag,0.442505,0.00445831
mag2,0.555783,0.00284638
mag4,0.451371,0.00312593
ising_order,0.0031,0.0031
corr_x,1
