name, average, error
steps,273266,35717.6
times,5.45901,0.734652
sx,0.025782,4.88585e-05
sz,0.974218,4.88585e-05
mag,0.974218,4.88585e-05
mag2,0.949213,9.51445e-05
mag4,0.901423,0.000180474
ising_order,0.00263297,0.00263297
corr_x,1
