name, average, error
steps,273266,35717.6
times,46.2167,6.06618
sx,0.235647,0.00136897
sz,0.764353,0.00136897
mag,0.760413,0.00141955
mag2,0.626181,0.0017365
mag4,0.461558,0.00195208
ising_order,0.00203391,0.00203391
corr_x,1
