name, average, error
steps,273266,35717.6
times,24.1803,3.18509
sx,0.30834,0.000859044
sz,0.69166,0.000859044
mag,0.691584,0.000880027
mag2,0.49464,0.00105682
mag4,0.273426,0.000965569
ising_order,0.00140158,0.00140158
corr_x,1
