name, average, error
steps,273266,35717.6
times,48.4525,6.34571
sx,0.315356,0.00165178
sz,0.684644,0.00165178
mag,0.67879,0.00167789
mag2,0.51291,0.00192836
mag4,0.329223,0.00193789
ising_order,0.00169573,0.00169573
corr_x,1
