name, average, error
mag,0.483917,0.00531748
mag2,0.276684,0.00446834
mag4,0.108307,0.00258564
cluster size,226.938,3.20575
