name, average, error
mag,0.0502312,0.000720357
mag2,0.0039744,0.000106636
mag4,4.79982e-05,2.60925e-06
cluster size,3.122,0.0501786
