name, average, error
mag,0.342205,0.00546193
mag2,0.160909,0.00420086
mag4,0.0515753,0.00222804
cluster size,33.593,1.04543
