name, average, error
mag,0.0327171,0.000624587
mag2,0.00165898,5.78014e-05
mag4,7.63759e-06,4.67304e-07
cluster size,13.3775,0.454717
