name, average, error
mag,0.229072,0.00349982
mag2,0.0741549,0.00190876
mag4,0.0117394,0.000551049
cluster size,611.416,12.3931
