name, average, error
mag,0.975525,5.1387e-05
mag2,0.951656,0.000100171
mag4,0.90567,0.000190326
cluster size,19112.1,67.2899
