name, average, error
mag,0.0200639,0.000361394
mag2,0.000634176,2.45784e-05
mag4,1.22584e-06,1.22688e-07
cluster size,13.0695,0.338589
