name, average, error
mag,0.0241247,0.000346283
mag2,0.000908856,3.04313e-05
mag4,2.48241e-06,2.3694e-07
cluster size,7.1035,0.177332
