name, average, error
mag,0.0218898,0.000429211
mag2,0.000749639,2.52076e-05
mag4,1.65854e-06,1.11632e-07
cluster size,3.247,0.058818
