name, average, error
mag,0.14593,0.00296183
mag2,0.0322153,0.00127266
mag4,0.00283213,0.00024724
cluster size,13.2025,0.430477
