name, average, error
mag,0.810568,0.00078333
mag2,0.658338,0.00120128
mag4,0.436418,0.00148299
cluster size,2644.87,34.5755
