name, average, error
mag,0.59083,0.00521674
mag2,0.39781,0.00510549
mag4,0.209534,0.00402651
cluster size,79.891,1.1541
