name, average, error
mag,0.00998265,0.000389841
mag2,0.000157881,1.31161e-05
mag4,7.96917e-08,1.69054e-08
cluster size,2.988,0.0541048
