name, average, error
mag,0.0320045,0.000453475
mag2,0.00159644,3.57484e-05
mag4,7.44078e-06,4.07093e-07
cluster size,2.979,0.0797559
