name, average, error
mag,0.811094,0.00168933
mag2,0.66293,0.00234038
mag4,0.449754,0.00268867
cluster size,526.188,5.10473
