name, average, error
mag,0.0150629,0.000346664
mag2,0.00035822,1.65293e-05
mag4,4.00302e-07,4.16236e-08
cluster size,7.1245,0.192568
