name, average, error
mag,0.114614,0.00262676
mag2,0.0203097,0.000836719
mag4,0.00113906,8.25301e-05
cluster size,40.2525,1.54029
