name, average, error
mag,0.975452,8.59282e-05
mag2,0.95152,0.000167566
mag4,0.905441,0.000318627
cluster size,7601.7,25.3066
