name, average, error
mag,0.939589,0.000185182
mag2,0.882919,0.000347636
mag4,0.779864,0.000612831
cluster size,3533.53,20.8769
