name, average, error
mag,0.97561,0.000164595
mag2,0.951867,0.000320941
mag4,0.906254,0.0006103
cluster size,1897.9,3.65836
