name, average, error
mag,0.939359,0.000264635
mag2,0.882446,0.000496646
mag4,0.778885,0.000874858
cluster size,7118.26,31.2746
