name, average, error
mag,0.176321,0.00410122
mag2,0.0470009,0.00188767
mag4,0.00572892,0.000415001
cluster size,40.88,1.5555
