name, average, error
mag,0.939375,8.70568e-05
mag2,0.882444,0.000163488
mag4,0.77877,0.000288312
cluster size,17477.5,136.934
