name, average, error
mag,0.898245,6.65392e-05
mag2,0.806888,0.000119713
mag4,0.651209,0.000193862
cluster size,16068.7,86.3324
