name, average, error
mag,0.102969,0.0016622
mag2,0.0162341,0.000548692
mag4,0.000747127,6.98152e-05
cluster size,13.589,0.312977
