name, average, error
mag,0.975515,0.000285475
mag2,0.95176,0.000551265
mag4,0.906341,0.00102888
cluster size,763.83,2.89476
