name, average, error
mag,0.897828,0.000352792
mag2,0.806327,0.000626116
mag4,0.650898,0.000991263
cluster size,3232.38,17.1517
