name, average, error
mag,0.93968,0.000497453
mag2,0.883616,0.000906161
mag4,0.782593,0.00159334
cluster size,705.808,3.09196
