name, average, error
mag,0.809735,0.00110162
mag2,0.658028,0.00152341
mag4,0.43796,0.00175114
cluster size,1325.75,16.3135
