name, average, error
mag,0.809096,0.000381204
mag2,0.654906,0.000603611
mag4,0.429569,0.000765301
cluster size,13241.5,76.8453
