name, average, error
mag,0.543665,0.004015
mag2,0.339725,0.00417929
mag4,0.155736,0.00319973
cluster size,134.85,2.10338
