name, average, error
mag,0.251315,0.00168474
mag2,0.0909481,0.00137598
mag4,0.0186378,0.00055147
cluster size,34.475,0.863484
