name, average, error
mag,0.10533,0.00217934
mag2,0.0172048,0.000633828
mag4,0.000819174,6.11809e-05
cluster size,7.2405,0.230778
