name, average, error
mag,0.150765,0.00217897
mag2,0.0346698,0.000985934
mag4,0.00332258,0.000194071
cluster size,6.9285,0.267301
