name, average, error
mag,0.0558596,0.000892896
mag2,0.00484206,0.000134177
mag4,6.83067e-05,2.93574e-06
cluster size,39.9195,1.78051
