name, average, error
mag,0.07499,0.00135042
mag2,0.00896719,0.000272518
mag4,0.0002523,1.82322e-05
cluster size,7.255,0.195762
