name, average, error
mag,0.09823,0.00207718
mag2,0.0152521,0.000553979
mag4,0.000691451,4.11223e-05
cluster size,3.0315,0.0828387
