name, average, error
mag,0.802675,0.00170958
mag2,0.661661,0.00154268
mag4,0.468822,0.00117554
cluster size,133.049,1.02163
