name, average, error
mag,0.89629,0.00198809
mag2,0.808487,0.003179
mag4,0.667333,0.00449612
cluster size,161.848,1.46528
