name, average, error
mag,0.396469,0.00379755
mag2,0.193865,0.00322176
mag4,0.0587151,0.00158663
cluster size,385.624,9.65193
