name, average, error
mag,0.0363561,0.000398211
mag2,0.00210009,3.79837e-05
mag4,1.37792e-05,1.14012e-06
cluster size,38.2265,1.84596
