name, average, error
mag,0.975687,0.00041423
mag2,0.952208,0.000806617
mag4,0.907603,0.00153029
cluster size,381.301,1.19308
