name, average, error
mag,0.898597,0.000760979
mag2,0.808525,0.00136518
mag4,0.656994,0.00220369
cluster size,647.481,4.14541
