name, average, error
mag,0.938762,0.000624091
mag2,0.882167,0.00116117
mag4,0.78125,0.00202068
cluster size,353.767,1.87211
