name, average, error
mag,0.310004,0.00373607
mag2,0.128455,0.00266383
mag4,0.0301452,0.000982776
cluster size,500.894,18.2994
