name, average, error
mag,0.146991,0.00149153
mag2,0.0325029,0.000542435
mag4,0.00269928,0.000111563
cluster size,678.653,33.2093
