name, average, error
mag,0.897595,0.000492991
mag2,0.806212,0.000814292
mag4,0.651559,0.00118887
cluster size,1605.49,12.8523
