name, average, error
mag,0.0709225,0.00107556
mag2,0.00785731,0.000230703
mag4,0.000183539,1.39707e-05
cluster size,3.029,0.0414179
