name, average, error
mag,0.80196,0.00155375
mag2,0.654968,0.00185325
mag4,0.449305,0.00204734
cluster size,263.313,3.3271
