name, average, error
mag,0.899066,0.000163411
mag2,0.808425,0.000292537
mag4,0.653893,0.000469216
cluster size,6480.37,48.4284
