name, average, error
mag,0.975271,0.000119319
mag2,0.951179,0.000232321
mag4,0.904841,0.000440435
cluster size,3802.51,11.5893
