name, average, error
mag,0.0330387,0.000489118
mag2,0.00172802,3.95425e-05
mag4,9.05025e-06,4.90801e-07
cluster size,6.877,0.15163
