name, average, error
mag,0.046182,0.000497564
mag2,0.00338154,9.52507e-05
mag4,3.48216e-05,2.26408e-06
cluster size,6.837,0.17575
