name, average, error
mag,0.065816,0.000867728
mag2,0.00675846,0.000173829
mag4,0.000135361,8.52642e-06
cluster size,13.6605,0.841029
