name, average, error
mag,0.974255,0.000795489
mag2,0.949759,0.00152679
mag4,0.904168,0.00282407
cluster size,189.056,0.604438
