name, average, error
mag,0.0158911,0.000293516
mag2,0.000399189,1.40683e-05
mag4,5.03078e-07,5.17134e-08
cluster size,3.0085,0.0700676
