name, average, error
mag,0.938525,0.00103014
mag2,0.882753,0.00185513
mag4,0.785566,0.00305905
cluster size,175.703,1.32631
