name, average, error
mag,0.0472213,0.000992379
mag2,0.00349285,0.000139396
mag4,3.51392e-05,2.7569e-06
cluster size,13.8445,0.484988
