name, average, error
mag,0.897168,0.000868468
mag2,0.807212,0.00143011
mag4,0.65806,0.00218724
cluster size,321.762,1.74304
