name, average, error
mag,0.938528,0.000300331
mag2,0.881022,0.000563074
mag4,0.776856,0.000990452
cluster size,1753.73,10.1476
