name, average, error
mag,0.809413,0.000843656
mag2,0.656025,0.00115474
mag4,0.432108,0.0013186
cluster size,5323.58,41.3555
