name, average, error
mag,0.20187,0.0038788
mag2,0.0607894,0.00195712
mag4,0.00950287,0.000645815
cluster size,12.6205,0.467378
