name, average, error
mag,0.0786665,0.00108296
mag2,0.00968768,0.000241179
mag4,0.000266612,1.60283e-05
cluster size,39.789,1.47759
