name, average, error
mag,0.67446,0.0345184
mag2,0.674341,0.0345215
mag4,0.674185,0.034519
cluster size,198.529,0.284068
