name, average, error
mag,0.02955,0.02955
mag2,0.009981,0.009981
mag4,0.00113921,0.00113921
cluster size,200,0
