name, average, error
mag,0.96901,0.00924078
mag2,0.968506,0.00925868
mag4,0.967534,0.00928499
cluster size,199.632,0.152429
