name, average, error
mag,0.997085,0.000129968
mag2,0.994218,0.000254881
mag4,0.988623,0.000490872
cluster size,198.729,0.14855
