name, average, error
mag,0.999465,4.94694e-05
mag2,0.998937,9.82105e-05
mag4,0.9979,0.000193573
cluster size,199.488,0.169232
