name, average, error
mag,0.419535,0.00641836
mag2,0.418986,0.00638378
mag4,0.418478,0.00633785
cluster size,191.395,0.424002
