name, average, error
mag,0.996395,0.0029957
mag2,0.996291,0.00300522
mag4,0.996087,0.00302394
cluster size,199.832,0.0760265
