name, average, error
mag,0.00012,2.70801e-05
mag2,1.2e-06,2.70801e-07
mag4,1.2e-10,2.70801e-11
cluster size,199.982,0.0035
