name, average, error
mag,0.00504,0.00136652
mag2,0.0045059,0.00138415
mag4,0.0045,0.00138444
cluster size,199.244,0.166885
