name, average, error
mag,0.99988,2.60342e-05
mag2,0.999761,5.17526e-05
mag4,0.999528,0.00010226
cluster size,199.98,0.00341565
