name, average, error
mag,0.00054,5.41603e-05
mag2,5.7e-06,5.97216e-07
mag4,7.5e-10,1.62788e-10
cluster size,199.809,0.0989024
