name, average, error
mag,0.192865,0.00644536
mag2,0.189733,0.00643717
mag4,0.188433,0.00634891
cluster size,168.63,0.946019
