name, average, error
mag,8.5e-05,1.67498e-05
mag2,9.5e-07,2.29129e-07
mag4,1.55e-10,7.86871e-11
cluster size,199.882,0.0997029
