name, average, error
mag,0.99947,4.2947e-05
mag2,0.998946,8.53742e-05
mag4,0.997915,0.0001687
cluster size,199.706,0.128952
