name, average, error
mag,0.99612,0.000203606
mag2,0.992306,0.000402786
mag4,0.984873,0.000788433
cluster size,198.688,0.267828
