name, average, error
mag,0.996765,0.000141627
mag2,0.993584,0.000279009
mag4,0.987376,0.000541811
cluster size,198.994,0.223538
