name, average, error
mag,0.99715,0.000175752
mag2,0.994341,0.000349155
mag4,0.988846,0.00068908
cluster size,199.062,0.300025
