name, average, error
mag,0.06663,0.0635301
mag2,0.063498,0.0634429
mag4,0.0629176,0.0629175
cluster size,198.906,0.224086
