name, average, error
mag,0.094955,0.00889449
mag2,0.0943383,0.00889328
mag4,0.0941662,0.00889072
cluster size,186.938,1.04974
