name, average, error
mag,0.999455,7.76209e-05
mag2,0.998917,0.000153963
mag4,0.99786,0.000302917
cluster size,199.698,0.129979
