name, average, error
mag,0.00278,0.000163673
mag2,4.17e-05,3.39869e-06
mag4,2.553e-08,7.65211e-09
cluster size,198.714,0.262666
