name, average, error
mag,0.999415,5.00278e-05
mag2,0.998837,9.94324e-05
mag4,0.997699,0.000196413
cluster size,199.799,0.101864
