name, average, error
mag,0.164005,0.110468
mag2,0.164,0.110468
mag4,0.164,0.110468
cluster size,200,0.0005
