name, average, error
mag,0.02907,0.00323508
mag2,0.0290007,0.00323182
mag4,0.029,0.00323179
cluster size,197.631,0.31785
