name, average, error
mag,0.99983,0.00017
mag2,0.999718,0.0002822
mag4,0.999595,0.000405126
cluster size,200,0
