name, average, error
mag,0.999545,4.17998e-05
mag2,0.999096,8.30908e-05
mag4,0.998214,0.000164186
cluster size,199.815,0.101818
