name, average, error
mag,0.99687,0.000153152
mag2,0.993792,0.000301631
mag4,0.987784,0.000585892
cluster size,199.002,0.219578
