name, average, error
mag,0.25306,0.017005
mag2,0.252961,0.0170037
mag4,0.252921,0.0170074
cluster size,197.135,0.316418
