name, average, error
mag,0.9999,2.35702e-05
mag2,0.999801,4.68341e-05
mag4,0.999607,9.24612e-05
cluster size,199.985,0.00247207
