name, average, error
mag,0.984395,0.00971799
mag2,0.984291,0.0097051
mag4,0.984086,0.00967998
cluster size,199.829,0.106324
