name, average, error
mag,0.996775,9.75392e-05
mag2,0.993609,0.000188416
mag4,0.987448,0.000354428
cluster size,199.035,0.217442
