name, average, error
mag,0.000115,2.69258e-05
mag2,1.15e-06,2.69258e-07
mag4,1.15e-10,2.69258e-11
cluster size,199.781,0.133122
