name, average, error
mag,0.999335,5.8713e-05
mag2,0.998678,0.000116697
mag4,0.997386,0.000230525
cluster size,199.685,0.133236
