name, average, error
mag,0.14735,0.00703926
mag2,0.144495,0.0070824
mag4,0.143455,0.00708004
cluster size,175.579,0.784704
