name, average, error
mag,0.05853,0.00721647
mag2,0.0578785,0.00718339
mag4,0.0577445,0.00717
cluster size,191.492,0.642229
