name, average, error
mag,0.00258,0.000114795
mag2,4.03e-05,3.17122e-06
mag4,2.761e-08,7.0499e-09
cluster size,199.338,0.100314
