name, average, error
mag,0.99985,2.88675e-05
mag2,0.999702,5.74272e-05
mag4,0.99941,0.000113638
cluster size,199.976,0.00269258
