name, average, error
mag,0.999415,5.8713e-05
mag2,0.998837,0.000116243
mag4,0.997703,0.000227948
cluster size,199.696,0.133367
