name, average, error
mag,0.999905,1.89297e-05
mag2,0.999811,3.76701e-05
mag4,0.999626,7.45905e-05
cluster size,199.982,0.00334996
