name, average, error
mag,0.99992,1.33333e-05
mag2,0.999841,2.65168e-05
mag4,0.999685,5.24438e-05
cluster size,199.982,0.00260342
