name, average, error
mag,0.99945,5.7735e-05
mag2,0.998907,0.000114624
mag4,0.997839,0.000225921
cluster size,199.709,0.135858
