name, average, error
mag,0.431055,0.0161413
mag2,0.430407,0.0161924
mag4,0.429819,0.0162297
cluster size,192.127,0.770888
