name, average, error
mag,0.537025,0.0089241
mag2,0.533707,0.00897632
mag4,0.530005,0.00897996
cluster size,185.29,0.986419
