name, average, error
mag,9e-05,2.33333e-05
mag2,1e-06,2.78887e-07
mag4,1.6e-10,7.9861e-11
cluster size,199.983,0.00351188
