name, average, error
mag,0.99708,0.000117898
mag2,0.994202,0.000233113
mag4,0.98857,0.000455778
cluster size,198.958,0.154319
