name, average, error
mag,0.002065,0.000826171
mag2,0.00200065,0.000816592
mag4,0.002,0.000816497
cluster size,199.781,0.0844691
