name, average, error
mag,0.999905,1.38444e-05
mag2,0.999811,2.75503e-05
mag4,0.999626,5.45524e-05
cluster size,199.882,0.0991497
