name, average, error
mag,0.67642,0.0241136
mag2,0.676311,0.0241039
mag4,0.676126,0.0240786
cluster size,198.981,0.324472
