name, average, error
mag,0.002775,9.86717e-05
mag2,3.975e-05,2.43499e-06
mag4,2.3115e-08,6.63354e-09
cluster size,199,0.213216
