name, average, error
mag,0.999925,1.70783e-05
mag2,0.999851,3.39857e-05
mag4,0.999704,6.72951e-05
cluster size,199.985,0.00258199
