name, average, error
mag,0.96754,0.00522306
mag2,0.967075,0.00521477
mag4,0.966171,0.00520284
cluster size,199.653,0.151696
