name, average, error
mag,0.999525,4.78714e-05
mag2,0.999056,9.49345e-05
mag4,0.998134,0.000186733
cluster size,199.797,0.0992305
