name, average, error
mag,0.04563,0.00523425
mag2,0.0455015,0.00524123
mag4,0.0455,0.00524139
cluster size,195.923,0.606674
