name, average, error
mag,0.99541,0.00398509
mag2,0.994827,0.0039715
mag4,0.993682,0.00394818
cluster size,199.608,0.152962
