name, average, error
mag,0.997275,0.000182764
mag2,0.994597,0.000357556
mag4,0.989373,0.000685986
cluster size,198.873,0.297907
