name, average, error
mag,0.999025,0.000487411
mag2,0.998555,0.000477651
mag4,0.997629,0.000466926
cluster size,199.706,0.134436
