name, average, error
mag,0.999895,2.03443e-05
mag2,0.999791,4.04851e-05
mag4,0.999586,8.01645e-05
cluster size,199.982,0.00224227
