name, average, error
mag,0.11173,0.00818279
mag2,0.108682,0.00821164
mag4,0.107804,0.00814911
cluster size,195.306,0.494767
