name, average, error
mag,0.672925,0.0385175
mag2,0.672821,0.0385116
mag4,0.672646,0.0384938
cluster size,199.28,0.199503
