name, average, error
mag,0.86121,0.0129052
mag2,0.860775,0.0128882
mag4,0.860064,0.0128454
cluster size,197.756,0.359781
