name, average, error
mag,0.00045,7.18795e-05
mag2,5e-06,8.16497e-07
mag4,8e-10,1.65328e-10
cluster size,199.707,0.136805
