name, average, error
mag,0.000105,2.03443e-05
mag2,1.05e-06,2.03443e-07
mag4,1.05e-10,2.03443e-11
cluster size,199.98,0.00324893
