name, average, error
mag,0.995035,0.001543
mag2,0.99162,0.00160549
mag4,0.984976,0.00174219
cluster size,198.955,0.218542
