name, average, error
mag,0.023695,0.0024993
mag2,0.0208428,0.00242737
mag4,0.0206164,0.0024071
cluster size,195.317,0.596217
