name, average, error
mag,0.99944,5.04425e-05
mag2,0.998886,0.000100291
mag4,0.997799,0.00019824
cluster size,199.793,0.0989474
