name, average, error
mag,0.09212,0.0893812
mag2,0.0892922,0.0892527
mag4,0.088537,0.088537
cluster size,199.223,0.135772
