name, average, error
mag,0.01847,0.01847
mag2,0.0066247,0.0066247
mag4,0.000852473,0.000852473
cluster size,200,0.0005
