name, average, error
mag,0.996875,0.000171472
mag2,0.993798,0.000339437
mag4,0.987782,0.000665283
cluster size,198.918,0.180885
