name, average, error
mag,0.996365,0.00349065
mag2,0.996231,0.00348157
mag4,0.995968,0.00346421
cluster size,199.876,0.100255
