name, average, error
mag,0.99694,0.000179938
mag2,0.993932,0.000354678
mag4,0.988065,0.000689466
cluster size,198.924,0.313018
