name, average, error
mag,0.996375,0.000473888
mag2,0.993298,0.000502772
mag4,0.987285,0.00067628
cluster size,198.681,0.285451
