name, average, error
mag,0.996525,0.000124555
mag2,0.993109,0.000246513
mag4,0.986447,0.000482923
cluster size,199.072,0.210632
