name, average, error
mag,0.99947,5.06623e-05
mag2,0.998946,0.000100759
mag4,0.997915,0.000199298
cluster size,199.5,0.162096
