name, average, error
mag,0.999125,0.000736405
mag2,0.998468,0.00125675
mag4,0.99757,0.00188495
cluster size,199.978,0.0033375
