name, average, error
mag,0.17422,0.00687458
mag2,0.171126,0.00681286
mag4,0.169735,0.00670867
cluster size,169.442,0.916395
