name, average, error
mag,0.94041,0.0187685
mag2,0.940301,0.0187605
mag4,0.940106,0.0187471
cluster size,199.833,0.0762425
