name, average, error
mag,0.94681,0.0386369
mag2,0.912693,0.0630928
mag4,0.876463,0.0885202
cluster size,199.885,0.0906104
