name, average, error
mag,0.601685,0.0139108
mag2,0.598285,0.0139543
mag4,0.59417,0.0138859
cluster size,183.851,0.872577
