name, average, error
mag,0.06982,0.0640043
mag2,0.0449318,0.0412089
mag4,0.0186112,0.0170855
cluster size,200,0
