name, average, error
mag,0.997165,5.47976e-05
mag2,0.994373,0.000108935
mag4,0.988915,0.000215524
cluster size,199.243,0.133571
