name, average, error
mag,0.17754,0.0118594
mag2,0.177431,0.0118455
mag4,0.177362,0.0118298
cluster size,197.631,0.336016
