name, average, error
mag,0.99703,9.49269e-05
mag2,0.994109,0.0001873
mag4,0.988411,0.0003649
cluster size,198.328,0.240037
