name, average, error
mag,0.99959,5.66667e-05
mag2,0.999184,0.000112733
mag4,0.998386,0.000223095
cluster size,199.816,0.0941358
