name, average, error
mag,0.883995,0.00942463
mag2,0.883338,0.00943265
mag4,0.882202,0.00945312
cluster size,197.994,0.322414
