name, average, error
mag,0.999375,3.51584e-05
mag2,0.998756,6.98547e-05
mag4,0.997538,0.000137891
cluster size,199.779,0.096758
