name, average, error
mag,0.99706,0.000151621
mag2,0.994161,0.000301178
mag4,0.988483,0.000594261
cluster size,199.268,0.136799
