name, average, error
mag,0.99953,3.34996e-05
mag2,0.999066,6.65825e-05
mag4,0.998154,0.000131538
cluster size,199.803,0.103315
