name, average, error
mag,0.225255,0.018141
mag2,0.224825,0.0181386
mag4,0.224646,0.0181119
cluster size,199.25,0.201108
