name, average, error
mag,0.999525,6.29153e-05
mag2,0.999055,0.000125069
mag4,0.998131,0.000247135
cluster size,199.812,0.0963133
