name, average, error
mag,0.34704,0.0596623
mag2,0.346961,0.0596609
mag4,0.346922,0.0596555
cluster size,199.732,0.112958
