name, average, error
mag,0.0001,2.68742e-05
mag2,1.4e-06,5.56776e-07
mag4,5.6e-10,4.12028e-10
cluster size,199.983,0.00365529
