name, average, error
mag,0.99731,8.7178e-05
mag2,0.994658,0.000172742
mag4,0.989468,0.00033923
cluster size,198.875,0.219465
