name, average, error
mag,0.999485,4.53689e-05
mag2,0.998976,9.02613e-05
mag4,0.997975,0.000178644
cluster size,199.701,0.132083
