name, average, error
mag,0.996805,0.000130267
mag2,0.993667,0.000255228
mag4,0.987557,0.000490481
cluster size,198.698,0.208057
