name, average, error
mag,0.9999,2.68742e-05
mag2,0.999801,5.34796e-05
mag4,0.999606,0.000105895
cluster size,199.981,0.00302306
