name, average, error
mag,0.99953,4.72582e-05
mag2,0.999065,9.38726e-05
mag4,0.998152,0.00018522
cluster size,199.905,0.0076176
