name, average, error
mag,0.99991,2.86744e-05
mag2,0.999821,5.70621e-05
mag4,0.999645,0.000112989
cluster size,199.986,0.00320156
