name, average, error
mag,0.669725,0.148185
mag2,0.666373,0.147988
mag4,0.661425,0.146883
cluster size,199.126,0.152782
