name, average, error
mag,0.999865,2.24227e-05
mag2,0.999731,4.46212e-05
mag4,0.999468,8.83544e-05
cluster size,199.98,0.00365148
