name, average, error
mag,0.00042,4.42217e-05
mag2,4.6e-06,5.41603e-07
mag4,7e-10,1.41421e-10
cluster size,199.614,0.14953
