name, average, error
mag,0.0105,0.0105
mag2,0.003675,0.003675
mag4,0.000450187,0.000450187
cluster size,200,0
