name, average, error
mag,0.974395,0.0184121
mag2,0.974281,0.0184175
mag4,0.974067,0.0184196
cluster size,199.981,0.00337062
