name, average, error
mag,0.89222,0.0098486
mag2,0.888807,0.00984813
mag4,0.882813,0.00981638
cluster size,195.207,0.674429
