name, average, error
mag,0.478635,0.0182728
mag2,0.475423,0.0182499
mag4,0.472397,0.0181444
cluster size,196.891,0.413351
