name, average, error
mag,0.980835,0.00350639
mag2,0.977644,0.00349183
mag4,0.971494,0.00344806
cluster size,198.17,0.177773
