name, average, error
mag,0.996655,0.000135493
mag2,0.993368,0.000267238
mag4,0.986964,0.000520352
cluster size,199.024,0.216083
