name, average, error
mag,0.00044,6.61648e-05
mag2,5e-06,7.37865e-07
mag4,8.6e-10,1.51804e-10
cluster size,199.897,0.008
