name, average, error
mag,0.98696,0.00549857
mag2,0.986416,0.00550685
mag4,0.985357,0.00552423
cluster size,199.841,0.0510436
