name, average, error
mag,0.02757,0.00541955
mag2,0.0269674,0.00543221
mag4,0.0269212,0.00542781
cluster size,198.685,0.269915
