name, average, error
mag,0.9995,6.28048e-05
mag2,0.999006,0.000124787
mag4,0.998035,0.00024634
cluster size,199.803,0.102394
