name, average, error
mag,0.634385,0.0594842
mag2,0.633787,0.0594858
mag4,0.633083,0.0594094
cluster size,199.236,0.212731
