name, average, error
mag,0.3035,0.152016
mag2,0.3035,0.152016
mag4,0.3035,0.152016
cluster size,200,0.0005
