name, average, error
mag,0.99947,5.73488e-05
mag2,0.998946,0.000114039
mag4,0.997916,0.000225481
cluster size,199.904,0.00778353
