name, average, error
mag,0.99941,3.55903e-05
mag2,0.998827,7.06564e-05
mag4,0.99768,0.000139254
cluster size,199.799,0.0966833
