name, average, error
mag,0.00972,0.00972
mag2,0.0034992,0.0034992
mag4,0.000453496,0.000453496
cluster size,200,0
