name, average, error
mag,0.982695,0.00404319
mag2,0.979361,0.00411143
mag4,0.972956,0.00423864
cluster size,198.018,0.194936
