name, average, error
mag,0.99993,2e-05
mag2,0.999861,3.98e-05
mag4,0.999724,7.8808e-05
cluster size,199.985,0.00182574
