name, average, error
mag,0.996495,0.000158017
mag2,0.993052,0.000310418
mag4,0.986344,0.000599768
cluster size,199.244,0.131476
