name, average, error
mag,0.935915,0.0157101
mag2,0.935821,0.0157031
mag4,0.935645,0.0156869
cluster size,199.882,0.0666885
