name, average, error
mag,0.00198,0.00198
mag2,0.0007128,0.0007128
mag4,9.23789e-05,9.23789e-05
cluster size,199.918,0.082
