name, average, error
mag,0.998395,0.00100085
mag2,0.997797,0.00100449
mag4,0.99662,0.00101963
cluster size,199.688,0.113518
