name, average, error
mag,0.999915,1.83333e-05
mag2,0.999831,3.64833e-05
mag4,0.999665,7.22406e-05
cluster size,199.982,0.0025
