name, average, error
mag,0.9909,0.00900561
mag2,0.990802,0.00901132
mag4,0.990609,0.00902302
cluster size,199.93,0.0506593
