name, average, error
mag,0.999895,2.73354e-05
mag2,0.999791,5.42999e-05
mag4,0.999587,0.00010714
cluster size,199.982,0.00289156
