name, average, error
mag,0.97248,0.02752
mag2,0.954618,0.0453819
mag4,0.935489,0.0645106
cluster size,200,0
