name, average, error
mag,0.995415,0.0034438
mag2,0.995331,0.00343571
mag4,0.995165,0.00342
cluster size,199.981,0.00208167
