name, average, error
mag,0.999465,4.71699e-05
mag2,0.998936,9.37766e-05
mag4,0.997895,0.000185334
cluster size,199.703,0.131914
