name, average, error
mag,0.999855,2.52212e-05
mag2,0.999711,5.01903e-05
mag4,0.999429,9.93818e-05
cluster size,199.978,0.0037305
