name, average, error
mag,0.98034,0.00259422
mag2,0.977112,0.00262916
mag4,0.970955,0.00268176
cluster size,197.81,0.444359
