name, average, error
mag,0.999905,2.83333e-05
mag2,0.999811,5.63833e-05
mag4,0.999626,0.000111645
cluster size,199.982,0.0035
