name, average, error
mag,0.33966,0.0156134
mag2,0.339057,0.0155958
mag4,0.338615,0.0156026
cluster size,193.476,0.643645
