name, average, error
mag,0.00059,5.61743e-05
mag2,6.5e-06,7.74597e-07
mag4,1.01e-09,2.49533e-10
cluster size,199.701,0.136282
