name, average, error
mag,0.99705,0.000172723
mag2,0.994148,0.000341713
mag4,0.988482,0.000669229
cluster size,198.857,0.223249
