name, average, error
mag,0.99987,2.80872e-05
mag2,0.999741,5.58065e-05
mag4,0.999488,0.000110163
cluster size,199.977,0.00395811
