name, average, error
mag,0.99992,1.69967e-05
mag2,0.999841,3.38235e-05
mag4,0.999685,6.69739e-05
cluster size,199.984,0.00203443
