name, average, error
mag,0.999475,5.01387e-05
mag2,0.998956,9.96711e-05
mag4,0.997937,0.000196953
cluster size,199.702,0.131621
