name, average, error
mag,0.982255,0.00763487
mag2,0.978965,0.00762232
mag4,0.97264,0.00756962
cluster size,199.163,0.136472
