name, average, error
mag,0.122,0.0999756
mag2,0.122,0.0999756
mag4,0.122,0.0999756
cluster size,200,0
