name, average, error
mag,0.99689,0.000150886
mag2,0.993829,0.000298106
mag4,0.98785,0.000582032
cluster size,198.227,0.437515
