name, average, error
mag,0.10157,0.025191
mag2,0.101461,0.0251871
mag4,0.101421,0.0251747
cluster size,199.728,0.0830468
