name, average, error
mag,0.99993,1.52753e-05
mag2,0.999861,3.03978e-05
mag4,0.999724,6.01906e-05
cluster size,199.985,0.00365148
