name, average, error
mag,0.040595,0.00240847
mag2,0.040501,0.00240946
mag4,0.0405,0.00240947
cluster size,195.831,0.278956
