name, average, error
mag,9e-05,1.94365e-05
mag2,1.1e-06,3.05505e-07
mag4,2.3e-10,1.08321e-10
cluster size,199.982,0.00429793
