name, average, error
mag,0.997,0.000170783
mag2,0.994046,0.000337796
mag4,0.988275,0.000660994
cluster size,199.036,0.218906
