name, average, error
mag,0.7395,0.136927
mag2,0.7395,0.136927
mag4,0.7395,0.136927
cluster size,200,0
