name, average, error
mag,0.99588,0.000622102
mag2,0.992807,0.000596962
mag4,0.9868,0.000607864
cluster size,198.536,0.242777
