name, average, error
mag,0.9995,5.62731e-05
mag2,0.999006,0.000111865
mag4,0.998034,0.000221046
cluster size,199.718,0.130721
