name, average, error
mag,0.092475,0.00418377
mag2,0.0918963,0.0041708
mag4,0.0917833,0.00417786
cluster size,186.988,0.840171
