name, average, error
mag,0.97442,0.00582914
mag2,0.973836,0.005836
mag4,0.972698,0.00585093
cluster size,199.536,0.110118
