name, average, error
mag,0.972915,0.0187139
mag2,0.972287,0.0187142
mag4,0.971103,0.0186768
cluster size,199.784,0.0986127
