name, average, error
mag,0.999355,6.43126e-05
mag2,0.998717,0.000127759
mag4,0.997464,0.000252115
cluster size,199.901,0.00551765
