name, average, error
mag,0.921165,0.00368397
mag2,0.917935,0.00366958
mag4,0.912064,0.00364838
cluster size,195.927,0.52068
