name, average, error
mag,0.997205,0.000162181
mag2,0.994454,0.000320322
mag4,0.989082,0.000625335
cluster size,198.857,0.235103
