name, average, error
mag,0.89237,0.0145801
mag2,0.889115,0.0144511
mag4,0.883415,0.014121
cluster size,197.421,0.517102
