name, average, error
mag,0.996835,0.000118802
mag2,0.993727,0.000230686
mag4,0.987674,0.000435797
cluster size,198.923,0.218024
