name, average, error
mag,0.203055,0.0106519
mag2,0.202981,0.0106517
mag4,0.202961,0.0106523
cluster size,197.081,0.315161
