name, average, error
mag,0.002945,9.95685e-05
mag2,4.525e-05,5.85911e-06
mag4,8.8645e-08,7.30094e-08
cluster size,198.889,0.269244
