name, average, error
mag,0.79913,0.0193753
mag2,0.798597,0.0193554
mag4,0.797713,0.0193255
cluster size,197.894,0.330291
