name, average, error
mag,0.918555,0.00810077
mag2,0.915069,0.00815183
mag4,0.908839,0.00824167
cluster size,195.569,0.68618
