name, average, error
mag,0.997245,0.000167904
mag2,0.994531,0.000332547
mag4,0.989223,0.000652372
cluster size,198.192,0.307343
