name, average, error
mag,0.997045,0.000172635
mag2,0.994137,0.000340135
mag4,0.98846,0.000660466
cluster size,198.844,0.214582
