name, average, error
mag,0.92995,0.0155247
mag2,0.929871,0.0155256
mag4,0.929744,0.0155236
cluster size,199.787,0.110998
