name, average, error
mag,0.000565,6.45712e-05
mag2,6.15e-06,9.22105e-07
mag4,1.095e-09,4.42684e-10
cluster size,199.703,0.13135
