name, average, error
mag,0.996915,0.00151906
mag2,0.99634,0.00150517
mag4,0.995217,0.00148731
cluster size,199.898,0.0083749
