name, average, error
mag,0.971185,0.0286872
mag2,0.951442,0.0483039
mag4,0.928465,0.0710313
cluster size,199.977,0.00663325
