name, average, error
mag,0.99942,5.4365e-05
mag2,0.998848,0.000107858
mag4,0.997725,0.000212309
cluster size,199.79,0.0981694
