name, average, error
mag,0.999915,1.97906e-05
mag2,0.999831,3.93832e-05
mag4,0.999665,7.79827e-05
cluster size,199.986,0.00262996
