name, average, error
mag,0.996505,9.32291e-05
mag2,0.99307,0.000182634
mag4,0.986375,0.000350716
cluster size,198.559,0.290474
