name, average, error
mag,0.008,0.00533333
mag2,0.008,0.00533333
mag4,0.008,0.00533333
cluster size,200,0
