name, average, error
mag,0.025485,0.0253739
mag2,0.0109634,0.0109622
mag4,0.00211023,0.00211022
cluster size,199.982,0.0030777
