name, average, error
mag,0.011605,0.00279457
mag2,0.011501,0.00279385
mag4,0.0115,0.00279384
cluster size,199.781,0.110529
