name, average, error
mag,0.602645,0.0130242
mag2,0.599174,0.0130616
mag4,0.594965,0.0130576
cluster size,184.718,0.953046
