name, average, error
mag,0.99952,5.92546e-05
mag2,0.999046,0.000117859
mag4,0.998113,0.000233156
cluster size,199.81,0.10142
