name, average, error
mag,0.995565,0.000667002
mag2,0.992185,0.000679735
mag4,0.985584,0.000736075
cluster size,198.801,0.207728
