name, average, error
mag,0.00046,5.95352e-05
mag2,4.9e-06,6.78233e-07
mag4,6.7e-10,1.43991e-10
cluster size,199.908,0.00834
