name, average, error
mag,0.99997,1.10554e-05
mag2,0.99994,2.20003e-05
mag4,0.999882,4.35628e-05
cluster size,199.996,0.00145297
