name, average, error
mag,0.3198,0.00351581
mag2,0.159489,0.00282841
mag4,0.0623711,0.00157607
cluster size,38.9855,0.661971
