name, average, error
mag,0.99999,1e-05
mag2,0.99998,1.99e-05
mag4,0.999961,3.9404e-05
cluster size,199.999,0.001
