name, average, error
mag,0.81292,0.00544736
mag2,0.75256,0.00675416
mag4,0.705403,0.00779008
cluster size,150.451,1.37963
