name, average, error
mag,0.491825,0.014674
mag2,0.466364,0.0146702
mag4,0.446368,0.0145516
cluster size,97.2955,0.277306
