name, average, error
mag,0.99994,1.45297e-05
mag2,0.999881,2.88453e-05
mag4,0.999764,5.68495e-05
cluster size,199.992,0.0015
