name, average, error
mag,0.999975,1.53659e-05
mag2,0.99995,3.05782e-05
mag4,0.999901,6.05478e-05
cluster size,199.996,0.00194365
