name, average, error
mag,0.26945,0.00550219
mag2,0.110881,0.00409614
mag4,0.0329428,0.00209232
cluster size,22.206,0.497222
