name, average, error
mag,0.999245,0.00012637
mag2,0.998511,0.000246709
mag4,0.9971,0.000471149
cluster size,199.855,0.0185958
