name, average, error
mag,0.99993,2.60342e-05
mag2,0.999861,5.17312e-05
mag4,0.999725,0.000102134
cluster size,199.869,0.102218
