name, average, error
mag,0.99988,3.8873e-05
mag2,0.999764,7.64663e-05
mag4,0.999541,0.000148004
cluster size,199.98,0.00471405
