name, average, error
mag,0.98224,0.00207092
mag2,0.973073,0.00277815
mag4,0.961253,0.00368475
cluster size,195.218,0.454865
