name, average, error
mag,0.99992,4.16333e-05
mag2,0.999843,8.14115e-05
mag4,0.999696,0.000155818
cluster size,199.99,0.00394405
