name, average, error
mag,0.981085,0.000662866
mag2,0.964101,0.000874388
mag4,0.932888,0.00122517
cluster size,193.691,0.412644
