name, average, error
mag,0.716235,0.00699903
mag2,0.608878,0.00789396
mag4,0.508472,0.00836062
cluster size,120.976,1.21353
