name, average, error
mag,0.99992,2.90593e-05
mag2,0.999842,5.75375e-05
mag4,0.999689,0.000112796
cluster size,199.974,0.00426875
