name, average, error
mag,0.1203,0.00227073
mag2,0.0224238,0.000920267
mag4,0.00145572,0.00014257
cluster size,4.5515,0.0964367
