name, average, error
mag,0.107255,0.00282506
mag2,0.0176928,0.00093773
mag4,0.000876827,8.78911e-05
cluster size,3.3045,0.0415896
