name, average, error
mag,0.998935,0.00026056
mag2,0.997987,0.000418053
mag4,0.996268,0.000596216
cluster size,199.435,0.209513
