name, average, error
mag,0.99973,0.00027
mag2,0.999606,0.0003942
mag4,0.999522,0.000477613
cluster size,199.973,0.027
