name, average, error
mag,0.14255,0.00244397
mag2,0.0315509,0.000895155
mag4,0.00286072,0.000144811
cluster size,6.3225,0.175686
