name, average, error
mag,0.97976,0.000704107
mag2,0.96119,0.00108275
mag4,0.927592,0.00157104
cluster size,192.564,0.43622
