name, average, error
mag,0.27347,0.00244533
mag2,0.113878,0.00240471
mag4,0.034414,0.00222395
cluster size,22.5565,0.476152
