name, average, error
mag,0.420185,0.00439418
mag2,0.269678,0.00462554
mag4,0.163401,0.00400242
cluster size,58.353,0.897426
