name, average, error
mag,0.393025,0.0145951
mag2,0.392972,0.0145874
mag4,0.392943,0.0145834
cluster size,121.569,0.988516
