name, average, error
mag,0.98238,0.000884691
mag2,0.966334,0.00149144
mag4,0.937243,0.00248069
cluster size,193.515,0.696179
