name, average, error
mag,0.994915,0.000142994
mag2,0.989978,0.000281075
mag4,0.980521,0.000546449
cluster size,197.895,0.312823
