name, average, error
mag,0.99987,1.69967e-05
mag2,0.999742,3.37191e-05
mag4,0.99949,6.6362e-05
cluster size,199.97,0.00496935
