name, average, error
mag,0.1094,0.00421725
mag2,0.0187187,0.00140202
mag4,0.00102855,0.000146352
cluster size,3.5715,0.086638
