name, average, error
mag,0.11757,0.00269967
mag2,0.0218426,0.000792592
mag4,0.00139426,7.67798e-05
cluster size,4.301,0.101176
