name, average, error
mag,0.257885,0.0052017
mag2,0.099166,0.00292077
mag4,0.0245358,0.00100362
cluster size,19.998,0.497887
