name, average, error
mag,0.86141,0.00303098
mag2,0.754582,0.00421843
mag4,0.593013,0.00531104
cluster size,152.871,1.34915
