name, average, error
mag,0.268925,0.00307088
mag2,0.1105,0.00231063
mag4,0.0326166,0.00165456
cluster size,22.3065,0.216148
