name, average, error
mag,0.992,0.00181989
mag2,0.988058,0.00260543
mag4,0.983433,0.00331819
cluster size,197.876,0.27126
