name, average, error
mag,0.99976,0.000147723
mag2,0.999571,0.000257989
mag4,0.999298,0.000405186
cluster size,199.748,0.095345
