name, average, error
mag,0.99759,0.000670895
mag2,0.997054,0.000811103
mag4,0.996791,0.00089991
cluster size,199.205,0.196119
