name, average, error
mag,0.81866,0.0105238
mag2,0.759122,0.0129009
mag4,0.712626,0.0139805
cluster size,153.701,1.33272
