name, average, error
mag,0.999845,1.57233e-05
mag2,0.999692,3.12577e-05
mag4,0.99939,6.17716e-05
cluster size,199.965,0.00345205
