name, average, error
mag,0.99916,0.00025307
mag2,0.998455,0.000441437
mag4,0.997316,0.00070156
cluster size,199.763,0.0671491
