name, average, error
mag,0.99967,0.000296947
mag2,0.99952,0.000414164
mag4,0.999395,0.000476787
cluster size,199.962,0.0291076
