name, average, error
mag,0.98326,0.00185175
mag2,0.973828,0.00241856
mag4,0.96068,0.00327276
cluster size,195.554,0.303733
