name, average, error
mag,0.9999,2.35702e-05
mag2,0.999802,4.65521e-05
mag4,0.999611,9.08269e-05
cluster size,199.984,0.00314466
