name, average, error
mag,0.99993,2e-05
mag2,0.999861,3.97278e-05
mag4,0.999725,7.83843e-05
cluster size,199.887,0.0997532
