name, average, error
mag,0.998545,0.000122803
mag2,0.997114,0.000243073
mag4,0.994322,0.000476318
cluster size,199.095,0.167166
