name, average, error
mag,0.996025,0.000257687
mag2,0.992172,0.000492837
mag4,0.984808,0.000905538
cluster size,198.545,0.273631
