name, average, error
mag,0.99998,1.52753e-05
mag2,0.99996,3.03032e-05
mag4,0.999922,5.96348e-05
cluster size,199.997,0.00169967
