name, average, error
mag,0.999945,1.16667e-05
mag2,0.999891,2.32167e-05
mag4,0.999783,4.59713e-05
cluster size,199.982,0.00892095
