name, average, error
mag,0.45858,0.00884269
mag2,0.34224,0.00943538
mag4,0.255161,0.00948985
cluster size,71.6915,0.701875
