name, average, error
mag,0.176585,0.0020866
mag2,0.0481195,0.00119134
mag4,0.0067643,0.000360041
cluster size,9.8725,0.133598
