name, average, error
mag,0.97201,0.00109574
mag2,0.946044,0.00194601
mag4,0.899045,0.00324673
cluster size,189.073,0.492976
