name, average, error
mag,0.991935,0.000316408
mag2,0.984113,0.00061385
mag4,0.969141,0.00116418
cluster size,197.84,0.151939
