name, average, error
mag,0.999905,2.29129e-05
mag2,0.999811,4.54658e-05
mag4,0.999628,8.95178e-05
cluster size,199.987,0.00309121
