name, average, error
mag,0.999835,3.2532e-05
mag2,0.999672,6.45664e-05
mag4,0.999352,0.000127177
cluster size,199.964,0.00380424
