name, average, error
mag,0.083155,0.00193776
mag2,0.0108217,0.000516231
mag4,0.000340213,3.68253e-05
cluster size,2.313,0.0392584
