name, average, error
mag,0.99966,0.000153261
mag2,0.999356,0.000278093
mag4,0.99883,0.000467499
cluster size,199.957,0.0152789
