name, average, error
mag,0.99714,0.00114915
mag2,0.996206,0.00152764
mag4,0.995426,0.00185307
cluster size,199.457,0.205
