name, average, error
mag,0.377435,0.0111429
mag2,0.34988,0.0110008
mag4,0.327628,0.0103302
cluster size,119.071,0.972011
