name, average, error
mag,0.999165,5.8713e-05
mag2,0.998344,0.000115821
mag4,0.996744,0.000225555
cluster size,199.459,0.161766
