name, average, error
mag,0.99373,0.00147709
mag2,0.991257,0.00193245
mag4,0.988686,0.00234492
cluster size,197.862,0.338085
