name, average, error
mag,0.833315,0.00445572
mag2,0.727029,0.00621269
mag4,0.582933,0.00754073
cluster size,145.499,1.3262
