name, average, error
mag,0.599245,0.00569305
mag2,0.451356,0.00735365
mag4,0.321913,0.00790067
cluster size,92.838,1.5125
