name, average, error
mag,0.70484,0.00632324
mag2,0.594142,0.00704437
mag4,0.49259,0.00776992
cluster size,119.48,1.7585
