name, average, error
mag,0.999985,7.63763e-06
mag2,0.99997,1.51989e-05
mag4,0.999941,3.00953e-05
cluster size,199.996,0.00194365
