name, average, error
mag,0.822965,0.00694553
mag2,0.763304,0.00884126
mag4,0.715345,0.0105156
cluster size,152.861,1.30977
