name, average, error
mag,0.11551,0.00233045
mag2,0.0206642,0.000686675
mag4,0.00118694,7.1208e-05
cluster size,4.1545,0.0405411
