name, average, error
mag,0.964885,0.00326726
mag2,0.942616,0.00470764
mag4,0.908965,0.00622141
cluster size,188.276,0.856704
