name, average, error
mag,0.08899,0.00163035
mag2,0.0122926,0.000383343
mag4,0.00043233,3.19415e-05
cluster size,2.572,0.0286182
