name, average, error
mag,0.140245,0.00274851
mag2,0.0307091,0.00118383
mag4,0.00278685,0.000237505
cluster size,5.937,0.119325
