name, average, error
mag,0.99928,7.71722e-05
mag2,0.998598,0.000148989
mag4,0.997339,0.000279388
cluster size,199.763,0.0850758
