name, average, error
mag,0.996915,0.000115
mag2,0.993884,0.000226538
mag4,0.987977,0.00043972
cluster size,198.486,0.312221
