name, average, error
mag,0.840225,0.00270606
mag2,0.737,0.00312025
mag4,0.597291,0.00352644
cluster size,148.254,1.07889
