name, average, error
mag,0.99969,3.55903e-05
mag2,0.999384,7.04954e-05
mag4,0.998784,0.000138333
cluster size,199.836,0.0997408
