name, average, error
mag,0.123815,0.00353286
mag2,0.0238406,0.00120612
mag4,0.00158396,0.000122806
cluster size,4.5985,0.099068
