name, average, error
mag,0.99557,0.00118622
mag2,0.993924,0.00150909
mag4,0.992135,0.00181282
cluster size,198.395,0.246181
