name, average, error
mag,0.996505,0.000241345
mag2,0.993122,0.000469638
mag4,0.986671,0.000891323
cluster size,198.603,0.208055
