name, average, error
mag,0.97823,0.00121891
mag2,0.965016,0.0018446
mag4,0.946071,0.00281163
cluster size,193.414,0.839673
