name, average, error
mag,0.996335,0.000292219
mag2,0.994249,0.000453164
mag4,0.99179,0.000778472
cluster size,198.472,0.24627
