name, average, error
mag,0.99894,6.90411e-05
mag2,0.997894,0.00013663
mag4,0.995841,0.000267625
cluster size,199.589,0.194487
