name, average, error
mag,0.252975,0.00347794
mag2,0.0952258,0.00193676
mag4,0.0226764,0.000549211
cluster size,19.448,0.525332
