name, average, error
mag,0.99271,0.00113846
mag2,0.989855,0.00159826
mag4,0.987027,0.00212668
cluster size,198.256,0.401542
