name, average, error
mag,0.99999,6.66667e-06
mag2,0.99998,1.32667e-05
mag4,0.999961,2.62693e-05
cluster size,199.998,0.00111803
