name, average, error
mag,0.118575,0.00222833
mag2,0.0218571,0.000806711
mag4,0.00134046,0.000100029
cluster size,4.2,0.0881665
