name, average, error
mag,0.979085,0.000789235
mag2,0.960005,0.00134073
mag4,0.925328,0.0023111
cluster size,192.886,0.418091
