name, average, error
mag,0.99971,3.4801e-05
mag2,0.999423,6.91426e-05
mag4,0.99886,0.000136478
cluster size,199.829,0.0991728
