name, average, error
mag,0.361765,0.00571257
mag2,0.180901,0.00440542
mag4,0.0641634,0.00229153
cluster size,35.557,0.792844
