name, average, error
mag,0.956865,0.000512513
mag2,0.916535,0.000894306
mag4,0.843165,0.00145174
cluster size,182.283,0.811511
