name, average, error
mag,0.70039,0.00646484
mag2,0.587443,0.00674382
mag4,0.485432,0.00665198
cluster size,118.404,1.05763
