name, average, error
mag,0.237075,0.00420959
mag2,0.0863324,0.00288152
mag4,0.020838,0.00136549
cluster size,17.1115,0.294499
