name, average, error
mag,0.980765,0.00126201
mag2,0.963566,0.00212703
mag4,0.932988,0.00333263
cluster size,193.791,0.70756
