name, average, error
mag,0.99959,4.4597e-05
mag2,0.999186,8.8589e-05
mag4,0.998397,0.000174803
cluster size,199.826,0.100166
