name, average, error
mag,0.11863,0.00341942
mag2,0.0224763,0.00108448
mag4,0.0015307,0.00012556
cluster size,4.55,0.0821381
