name, average, error
mag,0.83673,0.00306721
mag2,0.737315,0.00369739
mag4,0.60297,0.00427681
cluster size,149.119,1.24475
