name, average, error
mag,0.710995,0.00996955
mag2,0.602461,0.0116115
mag4,0.501455,0.0123196
cluster size,120.234,1.38516
