name, average, error
mag,0.99993,1.69967e-05
mag2,0.999861,3.38235e-05
mag4,0.999724,6.69739e-05
cluster size,199.982,0.00214087
