name, average, error
mag,0.98355,0.000702733
mag2,0.968185,0.00128397
mag4,0.940065,0.00227234
cluster size,194.339,0.307692
