name, average, error
mag,0.98378,0.000373586
mag2,0.968324,0.000665412
mag4,0.93917,0.00121245
cluster size,194.463,0.51972
