name, average, error
mag,0.679815,0.00667337
mag2,0.519391,0.00813243
mag4,0.341753,0.00840286
cluster size,105.458,1.78934
