name, average, error
mag,0.372275,0.0119904
mag2,0.372138,0.0120383
mag4,0.371998,0.0120805
cluster size,128.5,1.08523
