name, average, error
mag,0.99457,0.00122152
mag2,0.992323,0.00158353
mag4,0.98978,0.0019618
cluster size,198.343,0.277914
