name, average, error
mag,0.99547,0.000280694
mag2,0.991131,0.000497394
mag4,0.982924,0.000823232
cluster size,198.686,0.224977
