name, average, error
mag,0.267835,0.00470012
mag2,0.108282,0.00383395
mag4,0.0311154,0.00210025
cluster size,21.4835,0.493583
