name, average, error
mag,0.264305,0.00333659
mag2,0.105274,0.0024281
mag4,0.0280997,0.00129951
cluster size,20.7935,0.693589
