name, average, error
mag,0.40934,0.00585591
mag2,0.236574,0.00497997
mag4,0.115399,0.00374045
cluster size,48.052,0.684554
