name, average, error
mag,0.99469,0.000389358
mag2,0.989795,0.00051025
mag4,0.980531,0.000645397
cluster size,198.262,0.279151
