name, average, error
mag,0.07551,0.00237151
mag2,0.0088944,0.000551884
mag4,0.000228714,2.80139e-05
cluster size,1.9975,0.00111803
