name, average, error
mag,0.99972,5.73488e-05
mag2,0.999446,0.000112689
mag4,0.998918,0.000217743
cluster size,199.954,0.00702377
