name, average, error
mag,0.424315,0.00856697
mag2,0.33108,0.00922961
mag4,0.255691,0.00924111
cluster size,88.3925,1.21739
