name, average, error
mag,0.999225,9.58152e-05
mag2,0.998462,0.000190262
mag4,0.996972,0.000375155
cluster size,199.659,0.133396
