name, average, error
mag,0.999705,7.5074e-05
mag2,0.999417,0.000147381
mag4,0.998859,0.000284231
cluster size,199.949,0.0103763
