name, average, error
mag,0.96258,0.00259821
mag2,0.942939,0.00366134
mag4,0.917483,0.00487916
cluster size,190.161,0.57904
