name, average, error
mag,0.9999,2.78887e-05
mag2,0.999801,5.54786e-05
mag4,0.999607,0.000109777
cluster size,199.982,0.00409607
