name, average, error
mag,0.84326,0.00420508
mag2,0.743676,0.00558809
mag4,0.609834,0.00650036
cluster size,148.872,1.13784
