name, average, error
mag,0.992825,0.000253119
mag2,0.985819,0.00049216
mag4,0.972287,0.000933081
cluster size,196.88,0.369899
