name, average, error
mag,0.07882,0.00329032
mag2,0.009824,0.000770008
mag4,0.0003077,4.61961e-05
cluster size,2,0
