name, average, error
mag,0.07827,0.00325965
mag2,0.009405,0.000717659
mag4,0.000253932,3.32614e-05
cluster size,2,0
