name, average, error
mag,0.999955,2.29129e-05
mag2,0.999911,4.50959e-05
mag4,0.999827,8.73899e-05
cluster size,199.99,0.00387298
