name, average, error
mag,0.82453,0.00785569
mag2,0.768263,0.00945761
mag4,0.724738,0.0103378
cluster size,153.827,1.20176
