name, average, error
mag,0.999865,4.08588e-05
mag2,0.999732,8.06176e-05
mag4,0.999474,0.000156999
cluster size,199.972,0.00381881
