name, average, error
mag,0.7501,0.00560386
mag2,0.668597,0.00705389
mag4,0.603484,0.00783607
cluster size,131.779,1.12232
