name, average, error
mag,0.670255,0.0101164
mag2,0.546809,0.0115319
mag4,0.433906,0.0118325
cluster size,108.239,1.96966
