name, average, error
mag,0.81863,0.00739193
mag2,0.759828,0.00947625
mag4,0.714527,0.0108916
cluster size,152.344,1.14362
