name, average, error
mag,0.998425,0.000272361
mag2,0.99703,0.000462103
mag4,0.994583,0.000715262
cluster size,199.335,0.145737
