name, average, error
mag,0.270955,0.00324694
mag2,0.1136,0.00259413
mag4,0.0352247,0.00167226
cluster size,22.4225,0.522896
