name, average, error
mag,0.90036,0.00239424
mag2,0.83694,0.00286895
mag4,0.746825,0.00342159
cluster size,166.256,1.37936
