name, average, error
mag,0.998895,0.000376715
mag2,0.998189,0.000502848
mag4,0.997165,0.000547237
cluster size,199.595,0.157803
