name, average, error
mag,0.99929,0.000366803
mag2,0.998837,0.000603493
mag4,0.998341,0.000869616
cluster size,199.717,0.10699
