name, average, error
mag,0.83204,0.00542357
mag2,0.776592,0.00619728
mag4,0.732515,0.00650262
cluster size,153.364,1.53644
