name, average, error
mag,0.06043,0.00309261
mag2,0.0056238,0.000530178
mag4,8.80092e-05,1.47513e-05
cluster size,1,0
