name, average, error
mag,0.81863,0.00636684
mag2,0.760511,0.00832836
mag4,0.714672,0.00957942
cluster size,152.051,1.24906
