name, average, error
mag,0.99973,3.34996e-05
mag2,0.999463,6.65349e-05
mag4,0.998938,0.000131242
cluster size,199.839,0.102886
