name, average, error
mag,0.26442,0.00258056
mag2,0.104415,0.00153505
mag4,0.0266556,0.000918411
cluster size,21.138,0.615118
