name, average, error
mag,0.99812,0.000431612
mag2,0.996846,0.000519169
mag4,0.994811,0.000602272
cluster size,199.519,0.117759
