name, average, error
mag,0.999965,1.67498e-05
mag2,0.99993,3.32559e-05
mag4,0.999863,6.55534e-05
cluster size,199.994,0.00298608
