name, average, error
mag,0.99949,0.000466059
mag2,0.999387,0.000527166
mag4,0.999272,0.000564307
cluster size,199.939,0.056597
