name, average, error
mag,0.98488,0.00185853
mag2,0.976014,0.00257299
mag4,0.963735,0.00327896
cluster size,195.577,0.532586
