name, average, error
mag,0.98382,0.00150161
mag2,0.974791,0.00213292
mag4,0.962313,0.0029008
cluster size,194.909,0.615872
