name, average, error
mag,0.99995,1.66667e-05
mag2,0.999901,3.31335e-05
mag4,0.999804,6.54796e-05
cluster size,199.989,0.00426875
