name, average, error
mag,0.98311,0.00178916
mag2,0.973471,0.00237591
mag4,0.960606,0.00297473
cluster size,194.721,0.4941
