name, average, error
mag,0.46936,0.014445
mag2,0.465074,0.014564
mag4,0.461375,0.0145121
cluster size,105.249,0.628872
