name, average, error
mag,0.078945,0.00333479
mag2,0.0100001,0.000815441
mag4,0.000313935,5.02911e-05
cluster size,1.9625,0.0030957
