name, average, error
mag,0.99949,4.70225e-05
mag2,0.998986,9.34141e-05
mag4,0.997995,0.000184344
cluster size,199.804,0.100264
