name, average, error
mag,0.12107,0.00328647
mag2,0.0232494,0.00109785
mag4,0.0015228,0.000121815
cluster size,4.571,0.107924
