name, average, error
mag,0.95194,0.000827842
mag2,0.90883,0.00150959
mag4,0.832954,0.00268721
cluster size,182.103,1.16612
