name, average, error
mag,0.443825,0.00607336
mag2,0.383884,0.00717645
mag4,0.336254,0.00841054
cluster size,96.551,1.06038
