name, average, error
mag,0.79183,0.00373283
mag2,0.666829,0.00522008
mag4,0.507737,0.00622231
cluster size,135.852,1.71537
