name, average, error
mag,0.99981,9.8545e-05
mag2,0.999639,0.000184727
mag4,0.999346,0.000327316
cluster size,199.853,0.0932148
