name, average, error
mag,0.34115,0.00488901
mag2,0.176493,0.0043527
mag4,0.0760156,0.00337395
cluster size,37.443,0.582172
