name, average, error
mag,0.08674,0.00397325
mag2,0.011728,0.000940834
mag4,0.000404374,5.35908e-05
cluster size,2,0
