name, average, error
mag,0.20091,0.00488874
mag2,0.0608799,0.00247664
mag4,0.0097785,0.000749622
cluster size,12.3815,0.368186
