name, average, error
mag,0.48704,0.0154541
mag2,0.452944,0.0154109
mag4,0.423705,0.0153836
cluster size,98.5755,0.684001
