name, average, error
mag,0.838845,0.00332802
mag2,0.737126,0.00444261
mag4,0.598931,0.00494922
cluster size,147.987,1.41881
