name, average, error
mag,0.9978,9.71825e-05
mag2,0.995632,0.000192313
mag4,0.991391,0.000376768
cluster size,198.977,0.21801
