name, average, error
mag,0.99694,0.000993892
mag2,0.995909,0.00124326
mag4,0.995177,0.0014153
cluster size,199.269,0.181392
