name, average, error
mag,0.995305,0.000402385
mag2,0.991183,0.000575244
mag4,0.983724,0.000756848
cluster size,198.348,0.182705
