name, average, error
mag,0.99983,0.000109595
mag2,0.999681,0.000204626
mag4,0.999435,0.000359221
cluster size,199.888,0.0612427
