name, average, error
mag,0.997015,0.00102524
mag2,0.995961,0.00127964
mag4,0.995155,0.00143038
cluster size,199.359,0.161093
