name, average, error
mag,0.99608,0.000178139
mag2,0.992276,0.000349582
mag4,0.984998,0.000674294
cluster size,198.012,0.348928
