name, average, error
mag,0.27006,0.00393678
mag2,0.109931,0.00268095
mag4,0.0317281,0.00144531
cluster size,22.489,0.529407
