name, average, error
mag,0.99849,0.00100183
mag2,0.997871,0.00131299
mag4,0.997323,0.00150723
cluster size,199.422,0.192797
