name, average, error
mag,0.23458,0.00409146
mag2,0.0830604,0.00255736
mag4,0.0179294,0.00101676
cluster size,17.96,0.683764
