name, average, error
mag,0.999955,8.97527e-06
mag2,0.99991,1.78608e-05
mag4,0.999823,3.53662e-05
cluster size,199.994,0.00106719
