name, average, error
mag,0.99965,0.00026489
mag2,0.999438,0.000396815
mag4,0.999182,0.000506768
cluster size,199.952,0.0263423
