name, average, error
mag,0.999985,1.06719e-05
mag2,0.99997,2.11486e-05
mag4,0.999941,4.15319e-05
cluster size,199.899,0.0993445
