name, average, error
mag,0.28202,0.00427803
mag2,0.120588,0.00339582
mag4,0.0387628,0.00205677
cluster size,21.92,0.333451
