name, average, error
mag,0.98599,0.00097715
mag2,0.979096,0.00125958
mag4,0.97031,0.00156948
cluster size,196.701,0.428948
