name, average, error
mag,0.07938,0.00236933
mag2,0.010032,0.000563241
mag4,0.000316888,3.68733e-05
cluster size,2,0
