name, average, error
mag,0.997125,0.000313958
mag2,0.994621,0.000491617
mag4,0.990181,0.000759109
cluster size,199.117,0.155655
