name, average, error
mag,0.99996,1.63299e-05
mag2,0.99992,3.24966e-05
mag4,0.999842,6.43464e-05
cluster size,199.994,0.00163299
