name, average, error
mag,0.076645,0.00226448
mag2,0.00909435,0.000504606
mag4,0.000236501,2.40602e-05
cluster size,1.9995,0.0005
