name, average, error
mag,0.9956,0.00162087
mag2,0.994169,0.00196731
mag4,0.992842,0.00212206
cluster size,198.9,0.252588
