name, average, error
mag,0.99992,1.85592e-05
mag2,0.999841,3.69328e-05
mag4,0.999685,7.31307e-05
cluster size,199.984,0.00266667
