name, average, error
mag,0.07626,0.00288172
mag2,0.0092806,0.000611345
mag4,0.000253916,2.89096e-05
cluster size,1.761,0.0133083
