name, average, error
mag,0.99984,4.6428e-05
mag2,0.999684,9.15451e-05
mag4,0.999382,0.000178028
cluster size,199.871,0.107447
