name, average, error
mag,0.26617,0.00376737
mag2,0.105298,0.0029353
mag4,0.0274479,0.00146795
cluster size,21.128,0.558587
