name, average, error
mag,0.99993,2e-05
mag2,0.999861,3.95672e-05
mag4,0.999727,7.74529e-05
cluster size,199.984,0.00216667
