name, average, error
mag,0.0005432,0.000500157
mag2,0.000500261,0.000499981
mag4,0.0005,0.0005
cluster size,19993.9,5.00228
