name, average, error
mag,0.000350667,2.11041e-05
mag2,2.192e-06,5.87608e-07
mag4,1.12284e-09,7.917e-10
cluster size,5991.64,3.96216
