name, average, error
mag,0.002695,8.90661e-05
mag2,2.4548e-05,2.05011e-06
mag4,1.22519e-08,3.22638e-09
cluster size,1987.47,3.01931
