name, average, error
mag,0.071785,0.00142353
mag2,0.00837855,0.000332755
mag4,0.000240939,2.05313e-05
cluster size,101.103,1.77407
