name, average, error
mag,0.00023455,0.000101041
mag2,1.69576e-05,1.51241e-05
mag4,4.519e-07,4.49793e-07
cluster size,19982.9,9.98925
