name, average, error
mag,0.0068675,0.000183591
mag2,0.000120835,6.78843e-06
mag4,1.40251e-07,2.11223e-08
cluster size,1962.78,5.60217
