name, average, error
mag,0.066145,0.00133769
mag2,0.00705575,0.000253989
mag4,0.000159244,1.1343e-05
cluster size,129.035,0.980059
