name, average, error
mag,0.01478,0.000226947
mag2,0.000392456,1.42811e-05
mag4,6.98358e-07,7.92062e-08
cluster size,554.948,3.25366
