name, average, error
mag,0.00195067,0.000104235
mag2,3.55122e-05,5.98696e-06
mag4,8.70871e-08,4.03066e-08
cluster size,5974.83,4.88959
