name, average, error
mag,0.04138,0.000526371
mag2,0.002907,8.99928e-05
mag4,3.10727e-05,2.9284e-06
cluster size,171.502,1.04334
