name, average, error
mag,9.385e-05,1.94547e-05
mag2,6.70625e-07,3.16703e-07
mag4,2.16831e-10,1.67538e-10
cluster size,19988.4,10.0339
