name, average, error
mag,0.0021405,7.9939e-05
mag2,1.85085e-05,2.13351e-06
mag4,1.03919e-08,4.15968e-09
cluster size,1986.45,2.50894
