name, average, error
mag,0.003596,8.91435e-05
mag2,4.1426e-05,2.84677e-06
mag4,3.18323e-08,9.5555e-09
cluster size,1978.34,2.36974
