name, average, error
mag,0.000773333,5.04156e-05
mag2,7.50744e-06,1.6965e-06
mag4,4.59926e-09,1.9303e-09
cluster size,5994.58,0.261591
