name, average, error
mag,0.05317,0.000953974
mag2,0.004879,0.000125022
mag4,9.83816e-05,7.7021e-06
cluster size,153.689,1.0594
