name, average, error
mag,0.00109,4.06703e-05
mag2,1.25702e-05,2.00294e-06
mag4,1.30819e-08,5.06169e-09
cluster size,5983.59,6.32998
