name, average, error
mag,0.008315,0.000232212
mag2,0.000129383,6.97195e-06
mag4,8.77087e-08,1.31762e-08
cluster size,579.379,1.76705
