name, average, error
mag,0.033265,0.000559268
mag2,0.00189885,6.91859e-05
mag4,1.69586e-05,4.47017e-06
cluster size,178.156,0.784183
