name, average, error
mag,0.0004844,0.000112084
mag2,1.28833e-05,5.05743e-06
mag4,4.31395e-08,2.35316e-08
cluster size,19982.4,10.1313
