name, average, error
mag,0.0002193,2.30486e-05
mag2,2.26841e-06,7.85555e-07
mag4,1.82566e-09,1.33648e-09
cluster size,19985.2,9.74172
