name, average, error
mag,0.00640833,0.00017194
mag2,8.61056e-05,5.72308e-06
mag4,5.05264e-08,1.23528e-08
cluster size,585.107,0.945015
