name, average, error
mag,0.07898,0.00163291
mag2,0.0098724,0.000411801
mag4,0.000317718,3.60479e-05
cluster size,69.177,1.32501
