name, average, error
mag,0.00307517,0.000218731
mag2,7.83706e-05,1.32049e-05
mag4,3.42229e-07,1.27397e-07
cluster size,5966.25,4.56244
