name, average, error
mag,0.001536,8.01866e-05
mag2,1.0182e-05,2.33616e-06
mag4,4.86717e-09,3.69226e-09
cluster size,1989.87,3.02889
