name, average, error
mag,0.01217,0.000218084
mag2,0.0002685,1.05614e-05
mag4,3.40374e-07,4.11349e-08
cluster size,570.857,1.90554
