name, average, error
mag,0.0008924,0.000143578
mag2,3.77277e-05,1.54662e-05
mag4,3.22059e-07,2.04029e-07
cluster size,19914.3,17.561
