name, average, error
mag,0.00965667,0.000248218
mag2,0.000180678,1.02215e-05
mag4,1.8801e-07,2.91312e-08
cluster size,579.011,1.41719
