name, average, error
mag,0.000535833,3.4416e-05
mag2,3.24483e-06,5.26144e-07
mag4,1.04835e-09,5.09323e-10
cluster size,5993.43,2.99978
