name, average, error
mag,0.019345,0.000450323
mag2,0.000662361,2.99061e-05
mag4,1.95278e-06,2.59534e-07
cluster size,539.611,2.39679
