name, average, error
mag,0.0047795,7.66393e-05
mag2,6.55695e-05,5.63655e-06
mag4,7.15318e-08,2.63689e-08
cluster size,1967.62,5.657
