name, average, error
mag,0.685172,0.00555974
mag2,0.527783,0.00625769
mag4,0.349135,0.00620657
cluster size,208.581,3.76315
