name, average, error
mag,0.88033,0.00118477
mag2,0.784974,0.00142955
mag4,0.634755,0.00180458
cluster size,1564.3,13.5
