name, average, error
mag,0.867828,0.0023663
mag2,0.764588,0.0034309
mag4,0.604288,0.00430951
cluster size,2994.96,18.8587
