name, average, error
mag,0.95199,0.00228203
mag2,0.912557,0.00313831
mag4,0.846839,0.00396988
cluster size,91.514,0.426076
