name, average, error
mag,0.839088,0.00401681
mag2,0.729536,0.0049056
mag4,0.573344,0.00525649
cluster size,292.166,2.04307
