name, average, error
mag,0.827466,0.00285814
mag2,0.704843,0.00302594
mag4,0.528291,0.0026492
cluster size,2847.31,18.7448
