name, average, error
mag,0.551911,0.0037674
mag2,0.360638,0.00389369
mag4,0.182268,0.00307676
cluster size,3644.2,39.7622
