name, average, error
mag,0.881705,0.00241795
mag2,0.791097,0.00326574
mag4,0.64876,0.00441431
cluster size,790.442,7.08315
