name, average, error
mag,0.52192,0.00583752
mag2,0.340041,0.00555449
mag4,0.181411,0.00425965
cluster size,68.503,1.80358
