name, average, error
mag,0.890987,0.00302562
mag2,0.807495,0.00413179
mag4,0.676943,0.0051955
cluster size,324.572,1.97288
