name, average, error
mag,0.640135,0.00643917
mag2,0.473235,0.00703886
mag4,0.298319,0.00636332
cluster size,96.2105,1.05207
