name, average, error
mag,0.784998,0.00419242
mag2,0.645833,0.00457956
mag4,0.459493,0.00415964
cluster size,1304.17,12.9027
