name, average, error
mag,0.71502,0.00444417
mag2,0.568271,0.00512518
mag4,0.401013,0.00488261
cluster size,57.63,0.72212
