name, average, error
mag,0.864838,0.00202781
mag2,0.758142,0.00275655
mag4,0.59107,0.00310239
cluster size,7641.55,44.6027
