name, average, error
mag,0.138494,0.00224738
mag2,0.029693,0.000837506
mag4,0.00250177,0.000121068
cluster size,283.923,8.41553
