name, average, error
mag,0.919547,0.00125709
mag2,0.850638,0.00180386
mag4,0.733504,0.00236353
cluster size,1685.49,11.4008
