name, average, error
mag,0.952006,0.000673223
mag2,0.907374,0.000900007
mag4,0.825163,0.00117018
cluster size,8987.64,60.0673
