name, average, error
mag,0.62985,0.00535129
mag2,0.465942,0.00525826
mag4,0.299881,0.00369251
cluster size,45.979,0.668428
