name, average, error
mag,0.878655,0.00415323
mag2,0.791594,0.00546945
mag4,0.661852,0.00639082
cluster size,157.653,1.38354
