name, average, error
mag,0.906667,0.00216423
mag2,0.82888,0.00288247
mag4,0.701738,0.00329894
cluster size,823.08,5.84344
