name, average, error
mag,0.91914,0.00304544
mag2,0.857784,0.00460803
mag4,0.762858,0.00632074
cluster size,86.168,0.576947
