name, average, error
mag,0.0836292,0.00136287
mag2,0.0111532,0.000327187
mag4,0.0003807,2.61914e-05
cluster size,115.594,3.5766
