name, average, error
mag,0.953095,0.000475557
mag2,0.909231,0.000662541
mag4,0.828794,0.000948344
cluster size,1832.68,7.19732
