name, average, error
mag,0.48798,0.00751439
mag2,0.29595,0.00633312
mag4,0.136591,0.00372678
cluster size,609.651,8.6982
