name, average, error
mag,0.85558,0.00468596
mag2,0.756818,0.00610511
mag4,0.614281,0.00689483
cluster size,152.381,1.10875
