name, average, error
mag,0.78005,0.00482293
mag2,0.651,0.00622469
mag4,0.487288,0.00700855
cluster size,131.343,1.88002
