name, average, error
mag,0.90383,0.00249546
mag2,0.83388,0.00312878
mag4,0.728216,0.00384452
cluster size,83.6785,0.403078
