name, average, error
mag,0.390004,0.0037802
mag2,0.201028,0.00338061
mag4,0.0717378,0.00214794
cluster size,1962.22,31.1604
