name, average, error
mag,0.850402,0.00392141
mag2,0.743651,0.005094
mag4,0.585511,0.00580618
cluster size,744.794,5.66938
