name, average, error
mag,0.753873,0.00505359
mag2,0.611249,0.0060328
mag4,0.432587,0.0056398
cluster size,240.763,2.42899
