name, average, error
mag,0.389814,0.00434591
mag2,0.201598,0.00379468
mag4,0.0733513,0.00239454
cluster size,818.989,20.957
