name, average, error
mag,0.895141,0.00175551
mag2,0.80836,0.00218185
mag4,0.664691,0.0025729
cluster size,8092.62,34.8793
