name, average, error
mag,0.92793,0.00202106
mag2,0.873029,0.00263086
mag4,0.786432,0.00319965
cluster size,86.9015,0.482251
