name, average, error
mag,0.82448,0.00363229
mag2,0.714435,0.00490145
mag4,0.568967,0.00653539
cluster size,70.9755,0.72533
