name, average, error
mag,0.922114,0.00148097
mag2,0.856003,0.00198901
mag4,0.744053,0.00239133
cluster size,858.814,4.9324
