name, average, error
mag,0.682688,0.00445274
mag2,0.516634,0.00492734
mag4,0.327392,0.00460988
cluster size,500.399,8.93941
