name, average, error
mag,0.78268,0.00572346
mag2,0.662115,0.007373
mag4,0.51235,0.00847456
cluster size,66.216,0.713347
