name, average, error
mag,0.271327,0.00297712
mag2,0.10851,0.00212644
mag4,0.0276796,0.00111292
cluster size,112.276,2.35495
