name, average, error
mag,0.899196,0.0022282
mag2,0.817593,0.0030747
mag4,0.684166,0.00387245
cluster size,1638.37,15.7841
