name, average, error
mag,0.799543,0.00573335
mag2,0.673206,0.00631139
mag4,0.50443,0.00576808
cluster size,270.651,3.23482
