name, average, error
mag,0.91787,0.00145769
mag2,0.845479,0.0019633
mag4,0.720296,0.00250225
cluster size,8383.37,47.4488
