name, average, error
mag,0.198342,0.00199232
mag2,0.0592852,0.00089078
mag4,0.00924435,0.000243021
cluster size,113.936,3.08771
