name, average, error
mag,0.91237,0.00305792
mag2,0.845402,0.0043215
mag4,0.739128,0.00554569
cluster size,169.615,1.2374
