name, average, error
mag,0.809964,0.00291992
mag2,0.685409,0.002976
mag4,0.512394,0.00254779
cluster size,678.043,5.94651
