name, average, error
mag,0.601456,0.00483614
mag2,0.420404,0.00477055
mag4,0.23728,0.00381824
cluster size,848.888,15.1133
