name, average, error
mag,0.655436,0.00369798
mag2,0.479147,0.00405824
mag4,0.28553,0.00369464
cluster size,1931.54,17.1083
