name, average, error
mag,0.84899,0.00314033
mag2,0.752154,0.00434711
mag4,0.618204,0.00561585
cluster size,75.643,0.636487
