name, average, error
mag,0.919416,0.0013886
mag2,0.848776,0.00188877
mag4,0.727679,0.00235696
cluster size,3407.69,27.6136
