name, average, error
mag,0.217224,0.0031277
mag2,0.0708999,0.00176215
mag4,0.012633,0.000600647
cluster size,281.075,8.88811
