name, average, error
mag,0.548185,0.00551435
mag2,0.365964,0.00546088
mag4,0.199522,0.00449774
cluster size,145.396,2.83727
