name, average, error
mag,0.742647,0.00291233
mag2,0.593559,0.00323494
mag4,0.40937,0.00321761
cluster size,599.673,8.66076
