name, average, error
mag,0.86657,0.00253101
mag2,0.77782,0.003338
mag4,0.652427,0.00411152
cluster size,77.7015,0.525282
