name, average, error
mag,0.89341,0.00318936
mag2,0.815072,0.00410113
mag4,0.695404,0.0047384
cluster size,165.258,1.2963
