name, average, error
mag,0.934764,0.000968218
mag2,0.875934,0.00148207
mag4,0.772145,0.00219761
cluster size,1746.33,7.03521
