name, average, error
mag,0.7435,0.00415887
mag2,0.603083,0.00501526
mag4,0.43271,0.00559494
cluster size,120.874,1.41255
