name, average, error
mag,0.89038,0.00300532
mag2,0.811899,0.00429146
mag4,0.696349,0.00534576
cluster size,81.2095,0.728257
