name, average, error
mag,0.83142,0.00273774
mag2,0.721603,0.00287233
mag4,0.569701,0.00322053
cluster size,141.126,1.4613
