name, average, error
mag,0.937445,0.00169318
mag2,0.885639,0.00197101
mag4,0.798658,0.00211788
cluster size,175.844,0.896884
