name, average, error
mag,0.521911,0.00542494
mag2,0.331025,0.00533259
mag4,0.161855,0.0037697
cluster size,1299.93,24.8184
