name, average, error
mag,0.259859,0.00404706
mag2,0.0971594,0.00258869
mag4,0.0209058,0.00100193
cluster size,977.852,18.8561
