name, average, error
mag,0.76606,0.00319814
mag2,0.617442,0.00351244
mag4,0.423047,0.00339811
cluster size,2493.46,21.7554
