name, average, error
mag,0.715619,0.00578898
mag2,0.55407,0.0062108
mag4,0.360191,0.00558027
cluster size,1077.57,15.4146
