name, average, error
mag,0.906922,0.00290575
mag2,0.834084,0.00392012
mag4,0.717212,0.00484063
cluster size,332.808,1.64082
