name, average, error
mag,0.952565,0.00179799
mag2,0.911736,0.0025008
mag4,0.840552,0.00333529
cluster size,182.376,0.714679
