name, average, error
mag,0.839646,0.00371754
mag2,0.724186,0.0045272
mag4,0.554673,0.00469844
cluster size,1439.6,12.0145
