name, average, error
mag,0.934395,0.00144065
mag2,0.876594,0.0020144
mag4,0.775624,0.00268009
cluster size,874.894,2.80945
