name, average, error
mag,0.864618,0.00317884
mag2,0.766798,0.00433829
mag4,0.621962,0.00548826
cluster size,305.808,1.14889
