name, average, error
mag,0.933316,0.000944552
mag2,0.872851,0.0012076
mag4,0.765158,0.00150515
cluster size,8702.69,41.0823
