name, average, error
mag,0.589471,0.00528999
mag2,0.40748,0.00507317
mag4,0.228261,0.00349853
cluster size,404.186,4.49836
