name, average, error
mag,0.412533,0.00501496
mag2,0.224912,0.00426379
mag4,0.0901746,0.00283462
cluster size,221.53,6.7474
