name, average, error
mag,0.405718,0.00345684
mag2,0.220725,0.0029733
mag4,0.0909105,0.00235236
cluster size,92.5245,1.56722
