name, average, error
mag,0.952238,0.00098226
mag2,0.909238,0.0013046
mag4,0.831407,0.0019588
cluster size,911.12,4.37945
