name, average, error
mag,0.932385,0.00106539
mag2,0.872268,0.00161208
mag4,0.766523,0.00229201
cluster size,3492.42,20.1154
