name, average, error
mag,0.95444,0.00126158
mag2,0.913379,0.00183411
mag4,0.839933,0.00266643
cluster size,365.288,1.65246
