name, average, error
mag,0.135116,0.00208931
mag2,0.028139,0.000756182
mag4,0.00219547,0.000105361
cluster size,112.565,3.9533
