name, average, error
mag,0.703574,0.00365151
mag2,0.536506,0.00385821
mag4,0.33766,0.00318629
cluster size,5313.25,74.9144
