name, average, error
mag,0.926015,0.00279174
mag2,0.866296,0.00402873
mag4,0.768518,0.0057972
cluster size,174.249,0.985386
