name, average, error
mag,0.306069,0.0054169
mag2,0.132463,0.00429632
mag4,0.0367976,0.00209258
cluster size,261.684,8.838
