name, average, error
mag,0.94127,0.00173494
mag2,0.893666,0.00265922
mag4,0.815113,0.00398981
cluster size,89.3975,0.395382
