name, average, error
mag,0.807084,0.00276185
mag2,0.673189,0.00318356
mag4,0.484213,0.00320697
cluster size,6787.8,70.1905
