name, average, error
mag,0.952444,0.000663767
mag2,0.9078,0.001085
mag4,0.825916,0.00158472
cluster size,3643.94,8.83612
