name, average, error
mag,0.924902,0.00191805
mag2,0.861546,0.00281002
mag4,0.756095,0.00371443
cluster size,342.43,2.5551
