name, average, error
mag,0.936282,0.00133336
mag2,0.882445,0.00178518
mag4,0.790519,0.00219956
cluster size,349.943,1.37849
