name, average, error
mag,0.897352,0.00156263
mag2,0.813102,0.00217147
mag4,0.67514,0.00278451
cluster size,3240.78,21.9412
