name, average, error
mag,0.0807162,0.000916769
mag2,0.0102623,0.00022495
mag4,0.000320223,1.96553e-05
cluster size,4.3395,0.0628709
