name, average, error
mag,0.530535,0.00469771
mag2,0.351854,0.00461641
mag4,0.195349,0.00401448
cluster size,35.1415,0.423557
