name, average, error
mag,0.09635,0.00118387
mag2,0.0145894,0.000393203
mag4,0.000625497,4.52341e-05
cluster size,1.45375,0.0141434
