name, average, error
mag,0.084469,0.000749711
mag2,0.0111733,0.000207119
mag4,0.000369046,1.7138e-05
cluster size,11.4488,0.238711
