name, average, error
mag,0.0692275,0.000672676
mag2,0.00740982,0.000124012
mag4,0.000155444,4.69249e-06
cluster size,1.44075,0.0155593
