name, average, error
mag,0.652317,0.00395689
mag2,0.475844,0.00409911
mag4,0.28251,0.00345292
cluster size,1892.76,24.3365
