name, average, error
mag,0.026483,0.000280265
mag2,0.00110319,2.26265e-05
mag4,3.62672e-06,1.6937e-07
cluster size,2.256,0.0260507
