name, average, error
mag,0.0376048,0.000497801
mag2,0.00222977,4.96032e-05
mag4,1.46148e-05,5.95198e-07
cluster size,4.24175,0.0809064
