name, average, error
mag,0.309191,0.00351775
mag2,0.13587,0.00245387
mag4,0.0401965,0.00105231
cluster size,53.0328,0.569471
