name, average, error
mag,0.187832,0.00136605
mag2,0.0538083,0.00075401
mag4,0.0077095,0.000195494
cluster size,11.2095,0.233341
