name, average, error
mag,0.0594825,0.000775692
mag2,0.00555076,0.00012027
mag4,9.24034e-05,4.4019e-06
cluster size,2.30975,0.0377261
