name, average, error
mag,0.165975,0.00190567
mag2,0.0428343,0.000823407
mag4,0.00510977,0.000206621
cluster size,4.4835,0.0745814
