name, average, error
mag,0.266815,0.0028066
mag2,0.107166,0.00172356
mag4,0.028655,0.000729582
cluster size,10.8635,0.127031
