name, average, error
mag,0.119515,0.00151285
mag2,0.0222887,0.000449543
mag4,0.00141449,4.74521e-05
cluster size,2.28525,0.0175176
