name, average, error
mag,0.0525665,0.00044848
mag2,0.00433307,7.2162e-05
mag4,5.55349e-05,1.83361e-06
cluster size,4.331,0.0939852
