name, average, error
mag,0.0388055,0.000389362
mag2,0.00234509,5.45402e-05
mag4,1.6145e-05,8.96925e-07
cluster size,2.26425,0.0268872
