name, average, error
mag,0.0481937,0.000452225
mag2,0.00360229,7.77891e-05
mag4,3.83411e-05,2.24467e-06
cluster size,1.42175,0.0128239
