name, average, error
mag,0.0598717,0.000470847
mag2,0.00554719,0.000102826
mag4,9.04347e-05,4.73214e-06
cluster size,10.9217,0.131817
