name, average, error
mag,0.030841,0.0003938
mag2,0.00149879,3.03548e-05
mag4,6.71595e-06,2.55955e-07
cluster size,1.4485,0.0236003
