name, average, error
mag,0.0152045,0.000426736
mag2,0.000364941,1.82099e-05
mag4,3.99516e-07,3.81849e-08
cluster size,1.448,0.0075074
