name, average, error
mag,0.0408902,0.000428137
mag2,0.00265115,5.21447e-05
mag4,2.09083e-05,1.09072e-06
cluster size,11.5237,0.333335
