name, average, error
mag,0.139241,0.00111709
mag2,0.0298212,0.000573309
mag4,0.00245874,0.000136441
cluster size,57.6998,1.79726
