name, average, error
mag,0.710764,0.00407445
mag2,0.550096,0.00409289
mag4,0.357082,0.00325918
cluster size,1098.92,10.6793
