name, average, error
mag,0.0954067,0.000845377
mag2,0.0141284,0.000205838
mag4,0.000580725,2.16449e-05
cluster size,60.6097,1.06152
