name, average, error
mag,0.11838,0.00166589
mag2,0.0222857,0.000566423
mag4,0.00151073,7.68083e-05
cluster size,4.37725,0.0831577
