name, average, error
mag,0.0214225,0.000312179
mag2,0.000718272,1.89578e-05
mag4,1.49488e-06,8.70609e-08
cluster size,1.43725,0.0116455
