name, average, error
mag,0.85143,0.00346487
mag2,0.755856,0.00481801
mag4,0.623715,0.00598101
cluster size,75.7188,0.452072
