name, average, error
mag,0.0196996,0.000322414
mag2,0.000604807,1.48729e-05
mag4,1.09088e-06,5.80213e-08
cluster size,2.27,0.0356935
