name, average, error
mag,0.0859725,0.00140756
mag2,0.0115344,0.000339598
mag4,0.000384251,2.13858e-05
cluster size,2.3125,0.0315084
