name, average, error
mag,0.0264475,0.000321022
mag2,0.00108675,2.78093e-05
mag4,3.37867e-06,1.62217e-07
cluster size,4.3635,0.0634409
