name, average, error
mag,0.793541,0.0037898
mag2,0.666311,0.00440002
mag4,0.49834,0.00432838
cluster size,265.661,1.91385
