name, average, error
mag,0.82441,0.00339
mag2,0.712209,0.00454632
mag4,0.558842,0.0057573
cluster size,141.323,1.25675
