name, average, error
mag,0.190112,0.00190865
mag2,0.0554865,0.000834339
mag4,0.00820144,0.000215161
cluster size,56.7007,1.20062
