name, average, error
mag,0.133512,0.00144862
mag2,0.0275452,0.000535999
mag4,0.00215221,9.82912e-05
cluster size,11.3537,0.233484
