name, average, error
mag,0.0304785,0.00024317
mag2,0.00144555,2.48791e-05
mag4,6.05536e-06,2.79642e-07
cluster size,2.82875,0.0328913
