name, average, error
mag,0.0660675,0.000688974
mag2,0.00687531,0.000154093
mag4,0.000145152,8.67602e-06
cluster size,2.80525,0.0297523
