name, average, error
mag,0.24017,0.00247052
mag2,0.0863102,0.00160873
mag4,0.0187642,0.00070681
cluster size,17.1032,0.278183
