name, average, error
mag,0.0573229,0.000852418
mag2,0.00514095,0.000122753
mag4,7.60637e-05,2.86435e-06
cluster size,20.1905,0.439652
