name, average, error
mag,0.0362815,0.000282571
mag2,0.00205778,4.01364e-05
mag4,1.29226e-05,8.63828e-07
cluster size,8.46775,0.208531
