name, average, error
mag,0.0496557,0.000638918
mag2,0.00384895,8.38919e-05
mag4,4.47876e-05,2.28701e-06
cluster size,7.43125,0.135555
