name, average, error
mag,0.130246,0.00141738
mag2,0.0261238,0.000564354
mag4,0.00191934,9.39073e-05
cluster size,20.4675,0.455568
