name, average, error
mag,0.0263247,0.000396654
mag2,0.001099,3.22495e-05
mag4,3.76605e-06,2.28807e-07
cluster size,4.434,0.0382902
