name, average, error
mag,0.0577925,0.000461775
mag2,0.00519303,6.69016e-05
mag4,7.79213e-05,1.96521e-06
cluster size,4.2295,0.0826982
