name, average, error
mag,0.09657,0.00140297
mag2,0.0145051,0.000420741
mag4,0.000603032,3.04269e-05
cluster size,2.82775,0.0285323
