name, average, error
mag,0.0191234,0.00028673
mag2,0.000576722,1.78253e-05
mag4,1.02562e-06,9.48733e-08
cluster size,4.484,0.0890273
