name, average, error
mag,0.120687,0.00184629
mag2,0.0226622,0.000673688
mag4,0.00144124,9.26056e-05
cluster size,17.3705,0.32868
