name, average, error
mag,0.0652937,0.00120984
mag2,0.00669857,0.00021659
mag4,0.000135924,1.0335e-05
cluster size,2.684,0.0302219
