name, average, error
mag,0.0376544,0.000347926
mag2,0.00223496,3.10343e-05
mag4,1.50665e-05,4.55444e-07
cluster size,17.5083,0.321558
