name, average, error
mag,0.168177,0.00222829
mag2,0.0432856,0.000922279
mag4,0.00521079,0.000167463
cluster size,17.6585,0.202713
