name, average, error
mag,0.0145567,0.000362114
mag2,0.000331888,1.59159e-05
mag4,3.34846e-07,3.12169e-08
cluster size,2.70025,0.0150529
