name, average, error
mag,0.047245,0.000538851
mag2,0.00353762,7.82502e-05
mag4,3.76351e-05,2.15259e-06
cluster size,2.8005,0.0149852
