name, average, error
mag,0.08225,0.00118686
mag2,0.010467,0.000281662
mag4,0.000310337,1.64497e-05
cluster size,4.1855,0.0578177
