name, average, error
mag,0.083615,0.00110381
mag2,0.0108977,0.00023188
mag4,0.000345115,1.42298e-05
cluster size,4.45725,0.0748651
