name, average, error
mag,0.0600281,0.00077162
mag2,0.00569043,0.000119023
mag4,9.73256e-05,3.85009e-06
cluster size,4.3655,0.0451076
