name, average, error
mag,0.0511395,0.000700522
mag2,0.00410591,0.000115034
mag4,5.03005e-05,3.37952e-06
cluster size,8.21975,0.174309
