name, average, error
mag,0.0345411,0.000452285
mag2,0.00186739,5.14499e-05
mag4,1.0315e-05,7.63685e-07
cluster size,7.425,0.120284
