name, average, error
mag,0.0827492,0.00145269
mag2,0.0106666,0.000359084
mag4,0.000326084,2.3809e-05
cluster size,19.906,0.369375
