name, average, error
mag,0.0359228,0.00039567
mag2,0.00202674,4.24734e-05
mag4,1.25509e-05,5.83636e-07
cluster size,4.1365,0.0347815
