name, average, error
mag,0.11767,0.00136619
mag2,0.0217559,0.000461998
mag4,0.00143599,7.15619e-05
cluster size,4.44725,0.0772662
