name, average, error
mag,0.153862,0.00149347
mag2,0.0366338,0.000594589
mag4,0.00383727,0.000169079
cluster size,7.36425,0.118395
