name, average, error
mag,0.0154209,0.00022282
mag2,0.000367962,1.01336e-05
mag4,3.91129e-07,1.99455e-08
cluster size,2.7835,0.030818
