name, average, error
mag,0.107367,0.00101564
mag2,0.0180437,0.000315757
mag4,0.000963252,3.95162e-05
cluster size,7.58925,0.119872
