name, average, error
mag,0.0397538,0.000480651
mag2,0.00249438,6.01245e-05
mag4,1.85489e-05,9.69292e-07
cluster size,20.313,0.386097
