name, average, error
mag,0.0938675,0.0011014
mag2,0.0136926,0.000342401
mag4,0.000542141,3.10087e-05
cluster size,2.7525,0.0217913
