name, average, error
mag,0.161607,0.00171064
mag2,0.0406802,0.000676632
mag4,0.00464515,0.000182608
cluster size,7.9515,0.116082
