name, average, error
mag,0.0760425,0.00111342
mag2,0.00909154,0.000261284
mag4,0.00024735,1.48254e-05
cluster size,7.345,0.158165
