name, average, error
mag,0.0806206,0.000885693
mag2,0.0102276,0.000194235
mag4,0.000314733,1.29018e-05
cluster size,8.43175,0.202759
