name, average, error
mag,0.0528449,0.000458877
mag2,0.00439176,7.85871e-05
mag4,5.79772e-05,2.65887e-06
cluster size,17.5617,0.446728
