name, average, error
mag,0.0299973,0.000299371
mag2,0.00140946,3.18512e-05
mag4,5.8109e-06,3.44756e-07
cluster size,2.69325,0.0131975
