name, average, error
mag,0.0258252,0.000506249
mag2,0.00106494,3.45092e-05
mag4,3.49015e-06,2.006e-07
cluster size,4.12225,0.0533834
