name, average, error
mag,0.0206234,0.000341445
mag2,0.000668824,2.28347e-05
mag4,1.38046e-06,1.24621e-07
cluster size,2.69175,0.018147
