name, average, error
mag,0.18272,0.0019129
mag2,0.0514155,0.000876184
mag4,0.0072664,0.000258863
cluster size,19.8395,0.246534
