name, average, error
mag,0.0378428,0.000241927
mag2,0.00223023,2.95157e-05
mag4,1.4648e-05,5.79892e-07
cluster size,4.46375,0.0594305
