name, average, error
mag,0.0183344,0.000156516
mag2,0.000524847,1.05074e-05
mag4,7.90629e-07,4.43288e-08
cluster size,4.14375,0.0645747
