name, average, error
mag,0.114895,0.00165014
mag2,0.0205137,0.000495457
mag4,0.0012465,5.45105e-05
cluster size,8.20075,0.171956
