name, average, error
mag,0.0239719,0.000326286
mag2,0.00090517,2.60372e-05
mag4,2.541e-06,1.69929e-07
cluster size,7.321,0.139292
