name, average, error
mag,0.25746,0.00242107
mag2,0.0981591,0.00179487
mag4,0.0236324,0.000919543
cluster size,18.9533,0.316887
