name, average, error
mag,0.11559,0.00138204
mag2,0.0207608,0.000452381
mag4,0.00124062,6.44328e-05
cluster size,4.22025,0.0429607
