name, average, error
mag,0.0253571,0.000404134
mag2,0.00100199,2.83883e-05
mag4,2.90544e-06,1.41737e-07
cluster size,8.184,0.163786
