name, average, error
mag,0.0756677,0.00067165
mag2,0.00900047,0.000142115
mag4,0.000241265,9.83793e-06
cluster size,17.328,0.346463
