name, average, error
mag,0.02105,0.000347174
mag2,0.000699109,2.42706e-05
mag4,1.49536e-06,1.26473e-07
cluster size,2.82275,0.0179136
