name, average, error
mag,0.0450362,0.000460925
mag2,0.00316414,7.60799e-05
mag4,2.85148e-05,1.65556e-06
cluster size,2.759,0.0368823
