name, average, error
mag,0.998672,7.65385e-05
mag2,0.997363,0.000143331
mag4,0.994793,0.000253693
cluster size,9977.21,6.8848
