name, average, error
mag,0.999105,0.000293925
mag2,0.998413,0.000399812
mag4,0.997228,0.000456627
cluster size,998.767,0.515197
