name, average, error
mag,0.999996,1.63299e-06
mag2,0.999992,3.26272e-06
mag4,0.999984,6.5124e-06
cluster size,999.984,0.00903081
