name, average, error
mag,0.983487,0.00114895
mag2,0.972503,0.00126086
mag4,0.955393,0.00132423
cluster size,975.705,2.52335
