name, average, error
mag,0.996935,0.000513767
mag2,0.994483,0.000719649
mag4,0.990146,0.000962162
cluster size,994.847,1.31965
