name, average, error
mag,0.998773,7.23892e-05
mag2,0.99756,0.000140385
mag4,0.995175,0.000265252
cluster size,2990.42,3.14677
