name, average, error
mag,0.996125,0.00049807
mag2,0.9929,0.000776152
mag4,0.987339,0.00118301
cluster size,992.688,1.05207
