name, average, error
mag,0.998001,0.000513766
mag2,0.996332,0.000721251
mag4,0.993302,0.000896229
cluster size,9962.77,12.1885
