name, average, error
mag,0.999723,1.14173e-05
mag2,0.999446,2.27797e-05
mag4,0.998895,4.53424e-05
cluster size,9992.2,5.00262
