name, average, error
mag,0.999999,1.0873e-06
mag2,0.999997,2.17222e-06
mag4,0.999994,4.33495e-06
cluster size,9999.99,0.0087892
