name, average, error
mag,0.995939,0.000689211
mag2,0.992499,0.00112436
mag4,0.986521,0.00170312
cluster size,2978.88,3.4159
