name, average, error
mag,0.999211,5.50125e-05
mag2,0.998429,0.000107894
mag4,0.996882,0.000207665
cluster size,9987.67,4.91092
