name, average, error
mag,0.998186,0.000435052
mag2,0.996834,0.000496638
mag4,0.994358,0.000594025
cluster size,2988.76,3.13822
