name, average, error
mag,0.99547,0.000888218
mag2,0.992145,0.00131
mag4,0.986985,0.00180554
cluster size,992.786,1.55371
