name, average, error
mag,0.998605,0.000111247
mag2,0.997236,0.000210959
mag4,0.99457,0.000381864
cluster size,2988.61,3.31911
