name, average, error
mag,0.999742,1.89424e-05
mag2,0.999485,3.76806e-05
mag4,0.998974,7.45568e-05
cluster size,2998.37,0.882683
