name, average, error
mag,0.988681,0.00133612
mag2,0.980705,0.00179505
mag4,0.968318,0.00216218
cluster size,981.722,2.01916
