name, average, error
mag,0.999217,0.000149944
mag2,0.998491,0.000265826
mag4,0.997163,0.0004294
cluster size,2997.92,0.265569
