name, average, error
mag,0.999977,9.51931e-06
mag2,0.999954,1.88881e-05
mag4,0.999908,3.71855e-05
cluster size,2999.94,0.0174674
