name, average, error
mag,0.999669,4.26992e-05
mag2,0.999342,8.44988e-05
mag4,0.998698,0.000165516
cluster size,999.549,0.103592
