name, average, error
mag,0.994046,0.00058843
mag2,0.989188,0.000897996
mag4,0.980981,0.00123311
cluster size,9882.83,23.4557
