name, average, error
mag,0.980558,0.00137265
mag2,0.967821,0.0017191
mag4,0.947528,0.00238788
cluster size,9689.86,29.9055
