name, average, error
mag,0.999341,7.23335e-05
mag2,0.998692,0.000140232
mag4,0.99742,0.000264292
cluster size,9978.8,10.2277
