name, average, error
mag,0.995447,0.000538256
mag2,0.991308,0.000905873
mag4,0.983836,0.00137
cluster size,9905.43,15.6471
