name, average, error
mag,0.999986,8.05536e-06
mag2,0.999972,1.60334e-05
mag4,0.999945,3.17608e-05
cluster size,999.981,0.0052731
