name, average, error
mag,0.999391,6.86772e-05
mag2,0.998788,0.000135631
mag4,0.997601,0.00026463
cluster size,998.365,0.657566
