name, average, error
mag,0.996233,0.000513281
mag2,0.992855,0.000872588
mag4,0.986887,0.00132607
cluster size,2974.78,4.56606
