name, average, error
mag,0.99295,0.000978408
mag2,0.98745,0.0015313
mag4,0.97841,0.00223799
cluster size,987.135,2.78065
