name, average, error
mag,0.999988,3.11698e-06
mag2,0.999977,6.22502e-06
mag4,0.999954,1.24144e-05
cluster size,9999.89,0.01853
