name, average, error
mag,0.99887,0.000126245
mag2,0.997765,0.000244334
mag4,0.995624,0.000459517
cluster size,996.402,0.891461
