name, average, error
mag,0.998416,0.000153901
mag2,0.996891,0.000294458
mag4,0.993988,0.000544104
cluster size,9963.3,7.22528
