name, average, error
mag,0.998716,0.000234318
mag2,0.997546,0.000418649
mag4,0.99545,0.00069509
cluster size,996.024,0.98426
