name, average, error
mag,0.987879,0.000713259
mag2,0.978178,0.00107738
mag4,0.962369,0.00153224
cluster size,2940.57,5.4181
