name, average, error
mag,0.998886,0.000137398
mag2,0.997801,0.000257289
mag4,0.995706,0.000457657
cluster size,998.388,0.563933
