name, average, error
mag,0.999313,2.66759e-05
mag2,0.998633,5.14061e-05
mag4,0.997291,9.56633e-05
cluster size,2994.82,2.00652
