name, average, error
mag,0.975623,5.31986e-05
mag2,0.951853,0.000103783
mag4,0.906072,0.000197504
cluster size,7629.45,15.3144
