name, average, error
mag,0.102674,0.0012921
mag2,0.0160597,0.000369083
mag4,0.000723112,2.82222e-05
cluster size,13.1065,0.145904
