name, average, error
mag,0.974892,0.000307387
mag2,0.950957,0.000579214
mag4,0.90629,0.00103991
cluster size,190.562,0.410813
