name, average, error
mag,0.24992,0.00223018
mag2,0.0900473,0.00134412
mag4,0.0183882,0.000477933
cluster size,34.7807,0.858302
