name, average, error
mag,0.234142,0.0024681
mag2,0.0772695,0.00121825
mag4,0.0126992,0.000357976
cluster size,590.809,13.1199
