name, average, error
mag,0.111679,0.000933683
mag2,0.0194122,0.000267552
mag4,0.00105999,3.82006e-05
cluster size,41.1955,1.73525
