name, average, error
mag,0.81138,0.00113213
mag2,0.660649,0.00161935
mag4,0.441536,0.00189206
cluster size,1332.51,10.7694
