name, average, error
mag,0.939466,0.000269544
mag2,0.882784,0.000506704
mag4,0.779962,0.000896017
cluster size,1766.78,6.6923
