name, average, error
mag,0.394959,0.0030105
mag2,0.195049,0.00219639
mag4,0.0601451,0.00102209
cluster size,391.105,7.6574
