name, average, error
mag,0.975564,6.41476e-05
mag2,0.951751,0.000125192
mag4,0.90593,0.000238446
cluster size,3816.67,6.36477
