name, average, error
mag,0.065656,0.000929948
mag2,0.00680993,0.000196142
mag4,0.000141931,8.37912e-06
cluster size,13.5203,0.32794
