name, average, error
mag,0.339707,0.0033752
mag2,0.158034,0.00256121
mag4,0.0493863,0.00141978
cluster size,32.447,0.378432
