name, average, error
mag,0.0331551,0.000330984
mag2,0.00172077,3.62259e-05
mag4,8.87671e-06,4.89724e-07
cluster size,6.95175,0.123512
