name, average, error
mag,0.898711,0.000353981
mag2,0.807903,0.00063423
mag4,0.653416,0.00101972
cluster size,3245.5,16.3711
