name, average, error
mag,0.0229441,0.000327559
mag2,0.000817234,2.09891e-05
mag4,1.97346e-06,1.27015e-07
cluster size,3.18675,0.057974
