name, average, error
mag,0.975439,0.000282283
mag2,0.951606,0.000548287
mag4,0.906027,0.00103486
cluster size,761.25,1.30243
