name, average, error
mag,0.0570579,0.000624318
mag2,0.00502888,0.000120556
mag4,7.25919e-05,4.59803e-06
cluster size,41.0185,1.27309
