name, average, error
mag,0.808154,0.00117647
mag2,0.662358,0.00161573
mag4,0.456906,0.00194429
cluster size,265.738,1.98576
