name, average, error
mag,0.808783,0.00119166
mag2,0.669454,0.00164961
mag4,0.47684,0.0021193
cluster size,131.135,0.697858
