name, average, error
mag,0.898508,0.000573101
mag2,0.808469,0.00102411
mag4,0.656911,0.00167012
cluster size,648.474,3.56281
