name, average, error
mag,0.975859,0.000241351
mag2,0.952546,0.000465886
mag4,0.908264,0.000868738
cluster size,381.284,0.932971
