name, average, error
mag,0.031673,0.000383518
mag2,0.00157309,3.96132e-05
mag4,7.39638e-06,4.1153e-07
cluster size,3.07925,0.0444207
