name, average, error
mag,0.488259,0.00453284
mag2,0.281527,0.00348866
mag4,0.11143,0.00152273
cluster size,217.863,3.48263
