name, average, error
mag,0.06808,0.000755051
mag2,0.00731559,0.0001381
mag4,0.000161859,7.11715e-06
cluster size,3.088,0.0591512
