name, average, error
mag,0.939519,0.000122634
mag2,0.88274,0.000230304
mag4,0.779384,0.000406175
cluster size,7048.03,25.7284
