name, average, error
mag,0.89625,0.00113095
mag2,0.808623,0.00163116
mag4,0.667154,0.0021717
cluster size,160.629,1.03318
