name, average, error
mag,0.0744437,0.000425342
mag2,0.00862198,0.000107817
mag4,0.000216655,6.29157e-06
cluster size,6.938,0.133682
