name, average, error
mag,0.89888,0.000239842
mag2,0.808397,0.000438448
mag4,0.654822,0.000732804
cluster size,1629.66,11.4078
