name, average, error
mag,0.149039,0.00230166
mag2,0.0336725,0.000921952
mag4,0.00306143,0.00015971
cluster size,13.7867,0.236687
