name, average, error
mag,0.0326927,0.00043079
mag2,0.00164822,4.24933e-05
mag4,7.81361e-06,4.75743e-07
cluster size,13.1762,0.287578
