name, average, error
mag,0.181824,0.00318268
mag2,0.0488723,0.00136068
mag4,0.00591885,0.000261503
cluster size,37.7403,0.979767
