name, average, error
mag,0.809755,0.00043152
mag2,0.656638,0.000649825
mag4,0.433094,0.000789974
cluster size,5230.18,49.1651
