name, average, error
mag,0.939104,0.00038014
mag2,0.88239,0.000707373
mag4,0.780248,0.00122832
cluster size,708.214,2.04795
