name, average, error
mag,0.146747,0.00188795
mag2,0.0339112,0.000645398
mag4,0.00332507,0.000123437
cluster size,6.7955,0.120101
