name, average, error
mag,0.975662,0.00015277
mag2,0.951966,0.000298155
mag4,0.906427,0.000567928
cluster size,1909.5,6.98516
