name, average, error
mag,0.0239443,0.000324519
mag2,0.000898154,1.76044e-05
mag4,2.34633e-06,8.95022e-08
cluster size,7.242,0.204422
