name, average, error
mag,0.0158039,0.000187473
mag2,0.0003919,7.32705e-06
mag4,4.50794e-07,2.01734e-08
cluster size,3.11625,0.0403134
