name, average, error
mag,0.939884,0.000477472
mag2,0.884314,0.000873179
mag4,0.785187,0.0014725
cluster size,355.368,1.23078
