name, average, error
mag,0.105405,0.00158358
mag2,0.0174452,0.000415518
mag4,0.000884084,3.25149e-05
cluster size,7.15025,0.162549
