name, average, error
mag,0.047379,0.000454664
mag2,0.0035459,7.41749e-05
mag4,3.82266e-05,1.81426e-06
cluster size,6.931,0.225084
