name, average, error
mag,0.546895,0.00338515
mag2,0.343544,0.00330364
mag4,0.158485,0.00240563
cluster size,136.153,1.62132
