name, average, error
mag,0.0467891,0.000830017
mag2,0.00339051,0.000106537
mag4,3.33153e-05,2.25037e-06
cluster size,13.7378,0.334744
