name, average, error
mag,0.810469,0.0013043
mag2,0.662513,0.0016495
mag4,0.449812,0.0016172
cluster size,533.924,4.43857
