name, average, error
mag,0.0797291,0.000578612
mag2,0.00991385,0.000174245
mag4,0.000279442,1.47674e-05
cluster size,38.043,1.19655
