name, average, error
mag,0.313948,0.00302061
mag2,0.131721,0.00212005
mag4,0.0319479,0.000927091
cluster size,533.722,11.4605
