name, average, error
mag,0.939655,0.00016637
mag2,0.883039,0.00031239
mag4,0.780065,0.000550956
cluster size,3520.25,19.6134
