name, average, error
mag,0.0991225,0.00129924
mag2,0.0156779,0.000405572
mag4,0.000749069,3.23002e-05
cluster size,3.102,0.0633243
