name, average, error
mag,0.898846,0.000446658
mag2,0.809894,0.000764205
mag4,0.661975,0.00115355
cluster size,326.971,1.27883
