name, average, error
mag,0.899048,0.0002164
mag2,0.808394,0.000387434
mag4,0.653847,0.000621374
cluster size,6470.78,34.4553
