name, average, error
mag,0.0501475,0.000824013
mag2,0.0039398,0.00011569
mag4,4.59235e-05,2.78215e-06
cluster size,3.00775,0.0516646
