name, average, error
mag,0.80935,0.000670989
mag2,0.656659,0.000913429
mag4,0.434453,0.00104969
cluster size,2643.67,20.7557
