name, average, error
mag,0.0591244,0.00103582
mag2,0.00549437,0.00018399
mag4,9.06194e-05,6.28955e-06
cluster size,58.61,0.85155
