name, average, error
mag,0.871984,0.00207546
mag2,0.773586,0.00228112
mag4,0.620461,0.0023316
cluster size,7686.92,66.9773
