name, average, error
mag,0.067837,0.000646177
mag2,0.00728104,0.000128335
mag4,0.000164564,8.73598e-06
cluster size,21.249,0.808901
