name, average, error
mag,0.438109,0.00717717
mag2,0.255963,0.00626669
mag4,0.118574,0.00441726
cluster size,258.433,7.64088
