name, average, error
mag,0.756923,0.00459845
mag2,0.62405,0.00530141
mag4,0.462878,0.00500691
cluster size,630.013,6.68658
