name, average, error
mag,0.380651,0.00610847
mag2,0.198377,0.00446921
mag4,0.0752418,0.00247845
cluster size,203.326,7.84466
