name, average, error
mag,0.88504,0.00326238
mag2,0.796656,0.0040672
mag4,0.657322,0.0045005
cluster size,2420.31,8.30101
