name, average, error
mag,0.709656,0.00318354
mag2,0.555988,0.00399339
mag4,0.376087,0.00459014
cluster size,552.628,4.54265
