name, average, error
mag,0.997352,7.78995e-05
mag2,0.99474,0.000150701
mag4,0.989621,0.000282582
cluster size,9940.97,10.5117
