name, average, error
mag,0.271697,0.00322229
mag2,0.107712,0.00262701
mag4,0.0273974,0.00137966
cluster size,324.398,11.286
