name, average, error
mag,0.999979,8.22598e-06
mag2,0.999958,1.63816e-05
mag4,0.999917,3.24849e-05
cluster size,999.953,0.0195959
