name, average, error
mag,0.061701,0.0010927
mag2,0.00604283,0.000212349
mag4,0.000109517,1.01204e-05
cluster size,60.122,2.79138
