name, average, error
mag,0.991637,0.000852162
mag2,0.985025,0.0011902
mag4,0.973775,0.00153268
cluster size,2954.28,6.20219
