name, average, error
mag,0.999945,2.5e-05
mag2,0.999892,4.86315e-05
mag4,0.999789,9.20863e-05
cluster size,2999.85,0.0379634
