name, average, error
mag,0.745396,0.00574806
mag2,0.596804,0.00626736
mag4,0.410785,0.00558808
cluster size,596.039,7.09111
