name, average, error
mag,0.0380106,0.000686573
mag2,0.0022611,7.4516e-05
mag4,1.54458e-05,1.00938e-06
cluster size,23.112,0.500951
