name, average, error
mag,0.999978,4.35239e-06
mag2,0.999956,8.69133e-06
mag4,0.999912,1.73291e-05
cluster size,9999.81,0.0213437
