name, average, error
mag,0.967887,0.00224372
mag2,0.945066,0.0030618
mag4,0.908944,0.0039996
cluster size,9361.94,33.7066
