name, average, error
mag,0.99193,0.000613611
mag2,0.98518,0.000909582
mag4,0.973267,0.0013539
cluster size,9831.57,13.975
