name, average, error
mag,0.115503,0.00258291
mag2,0.0206359,0.000850977
mag4,0.00120086,9.63784e-05
cluster size,22.65,0.400384
