name, average, error
mag,0.146236,0.00263303
mag2,0.0333928,0.00112308
mag4,0.00318085,0.000203367
cluster size,348.128,8.57875
