name, average, error
mag,0.593732,0.00688194
mag2,0.414624,0.0062464
mag4,0.236691,0.00376142
cluster size,1273.95,12.1231
