name, average, error
mag,0.917592,0.00219908
mag2,0.854765,0.00249911
mag4,0.754104,0.00260168
cluster size,853.049,6.36803
