name, average, error
mag,0.676901,0.00541131
mag2,0.506817,0.0050235
mag4,0.312735,0.00328575
cluster size,1540.18,12.7702
