name, average, error
mag,0.138843,0.00105268
mag2,0.0294201,0.000570506
mag4,0.00241656,0.000137133
cluster size,291.597,12.9854
