name, average, error
mag,0.190717,0.00280324
mag2,0.055609,0.00140901
mag4,0.00814567,0.000440268
cluster size,54.334,1.46004
