name, average, error
mag,0.898418,0.00301594
mag2,0.819792,0.00402612
mag4,0.695812,0.00476655
cluster size,825.908,9.24406
