name, average, error
mag,0.997095,0.00040024
mag2,0.994604,0.000592235
mag4,0.990156,0.000762253
cluster size,2984.31,3.55067
