name, average, error
mag,0.900367,0.00379337
mag2,0.82626,0.00493357
mag4,0.709911,0.00549986
cluster size,2478.67,24.039
