name, average, error
mag,0.258809,0.0028406
mag2,0.0963039,0.00209794
mag4,0.0205524,0.00093383
cluster size,280.695,9.0151
