name, average, error
mag,0.198402,0.00272601
mag2,0.058653,0.00132126
mag4,0.00899414,0.000420957
cluster size,58.9715,1.04237
