name, average, error
mag,0.962011,0.000960964
mag2,0.928519,0.00145703
mag4,0.867949,0.00209543
cluster size,2788.21,9.75207
