name, average, error
mag,0.965237,0.00188145
mag2,0.934231,0.00298042
mag4,0.878757,0.00432011
cluster size,936.006,2.67242
