name, average, error
mag,0.999863,5.288e-05
mag2,0.999731,0.000102577
mag4,0.999479,0.00019344
cluster size,2999.19,0.430125
