name, average, error
mag,0.413102,0.00413935
mag2,0.225107,0.00378924
mag4,0.0898628,0.00252472
cluster size,219.726,5.4155
