name, average, error
mag,0.112075,0.0024122
mag2,0.0195453,0.000772685
mag4,0.00110346,8.13209e-05
cluster size,61.879,2.25244
