name, average, error
mag,0.421768,0.00351837
mag2,0.231517,0.00295762
mag4,0.0922322,0.00211377
cluster size,2337.1,59.6981
