name, average, error
mag,0.119828,0.0012238
mag2,0.0226491,0.000438183
mag4,0.00151758,0.000105359
cluster size,233.513,5.76812
