name, average, error
mag,0.636017,0.00428472
mag2,0.468513,0.00534382
mag4,0.293636,0.00580471
cluster size,1427.03,15.119
