name, average, error
mag,0.999992,3.22796e-06
mag2,0.999984,6.44886e-06
mag4,0.999968,1.28695e-05
cluster size,2999.97,0.00667499
