name, average, error
mag,0.963102,0.000702888
mag2,0.928445,0.00115638
mag4,0.864406,0.00171473
cluster size,9364.12,41.9908
