name, average, error
mag,0.555486,0.00551138
mag2,0.365174,0.00483551
mag4,0.185484,0.00279949
cluster size,3609.51,74.3327
