name, average, error
mag,0.884347,0.00378728
mag2,0.797821,0.00491569
mag4,0.663127,0.00571284
cluster size,7988.98,85.813
