name, average, error
mag,0.975258,0.00218097
mag2,0.96029,0.00283574
mag4,0.93678,0.00351179
cluster size,2884.93,9.66348
