name, average, error
mag,0.228052,0.00319486
mag2,0.0773392,0.00202916
mag4,0.0148059,0.000824536
cluster size,224.372,8.06487
