name, average, error
mag,0.999792,7.30677e-05
mag2,0.999598,0.000136252
mag4,0.999243,0.000238979
cluster size,9989.44,5.92986
