name, average, error
mag,0.999874,5.69639e-05
mag2,0.999756,0.000108146
mag4,0.999542,0.000195656
cluster size,999.913,0.0277909
