name, average, error
mag,0.999961,4.11555e-06
mag2,0.999923,8.22246e-06
mag4,0.999846,1.64105e-05
cluster size,9999.61,0.0458003
