name, average, error
mag,0.109648,0.00108691
mag2,0.0190445,0.000439068
mag4,0.00110993,7.64053e-05
cluster size,59.503,1.33225
