name, average, error
mag,0.464948,0.00636888
mag2,0.277768,0.0055802
mag4,0.128232,0.00353496
cluster size,2770.33,56.7895
