name, average, error
steps,273266,35717.6
times,25.4537,3.35283
sx,0.303669,0.000998832
sz,0.696331,0.000998832
mag,0.696315,0.00100177
mag2,0.501918,0.00130466
mag4,0.282321,0.00128079
ising_order,0.00140158,0.00140158
corr_x,1
