name, average, error
steps,273266,35717.6
times,215.033,28.1156
sx,0.000893,0.000149795
sz,0.999107,0.000149795
mag,0.001187,0.000770897
mag2,0.998868,0.000190021
mag4,0.998689,0.0002175
ising_order,0.0031,0.0031
corr_x,1
