name, average, error
steps,273266,35717.6
times,214.878,28.1113
sx,0.000512,0.000129008
sz,0.999488,0.000129008
mag,-0.000582,0.000794774
mag2,0.999309,0.000161426
mag4,0.999174,0.000179238
ising_order,0.0031,0.0031
corr_x,1
