name, average, error
steps,273266,35717.6
times,115.61,15.116
sx,0.358929,0.00246401
sz,0.641071,0.00246401
mag,0.480409,0.00287134
mag2,0.503743,0.00283407
mag4,0.381073,0.00290812
ising_order,3.25426e-06,3.25426e-06
corr_x,1
