name, average, error
steps,273266,35717.6
times,6.5996,0.885839
sx,0.021882,4.50473e-05
sz,0.978118,4.50473e-05
mag,0.978118,4.50473e-05
mag2,0.956757,8.76323e-05
mag4,0.915544,0.000165894
ising_order,0.00285934,0.00285934
corr_x,1
