name, average, error
steps,273266,35717.6
times,36.3698,4.77808
sx,0.151593,0.000973725
sz,0.848407,0.000973725
mag,0.848227,0.000961669
mag2,0.737772,0.00143439
mag4,0.583012,0.00185455
ising_order,0.00203391,0.00203391
corr_x,1
