name, average, error
steps,273266,35717.6
times,75.8344,9.94568
sx,0.430668,0.0022693
sz,0.569332,0.0022693
mag,0.486386,0.00320316
mag2,0.402134,0.00253812
mag4,0.258363,0.0024163
ising_order,0.00263297,0.00263297
corr_x,1
