name, average, error
steps,273266,35717.6
times,22.9502,3.02392
sx,0.103873,0.000450871
sz,0.896127,0.000450871
mag,0.896127,0.000450871
mag2,0.80903,0.00076743
mag4,0.671671,0.00116668
ising_order,0.00222082,0.00222082
corr_x,1
