name, average, error
steps,273266,35717.6
times,170.653,22.3246
sx,0.249938,0.00204311
sz,0.750062,0.00204311
mag,0.285924,0.0055835
mag2,0.664495,0.00268975
mag4,0.594326,0.00313273
ising_order,0.00285934,0.00285934
corr_x,1
