name, average, error
steps,273266,35717.6
times,79.463,10.404
sx,0.42676,0.00229749
sz,0.57324,0.00229749
mag,0.474198,0.00276526
mag2,0.409604,0.00264315
mag4,0.270104,0.00277385
ising_order,1.90543e-05,1.90543e-05
corr_x,1
