name, average, error
steps,273266,35717.6
times,40.833,5.32311
sx,0.15548,0.000764843
sz,0.84452,0.000764843
mag,0.844512,0.000768345
mag2,0.728132,0.00121666
mag4,0.565898,0.00170904
ising_order,0.00263297,0.00263297
corr_x,1
