name, average, error
steps,273266,35717.6
times,88.2794,11.5617
sx,0.387896,0.00228628
sz,0.612104,0.00228628
mag,0.483538,0.00274668
mag2,0.461054,0.00267704
mag4,0.327185,0.00261775
ising_order,0.00222082,0.00222082
corr_x,1
