name, average, error
steps,273266,35717.6
times,30.9374,4.06293
sx,0.182328,0.000922772
sz,0.817672,0.000922772
mag,0.817418,0.000946339
mag2,0.686945,0.00135134
mag4,0.509308,0.0016638
ising_order,0.000929584,0.000929584
corr_x,1
