name, average, error
steps,273266,35717.6
times,213.267,27.8951
sx,0.00606,0.000504752
sz,0.99394,0.000504752
mag,0.005812,0.00114343
mag2,0.991919,0.000625515
mag4,0.990262,0.000707259
ising_order,0.0031,0.0031
corr_x,1
