name, average, error
steps,273266,35717.6
times,30.0927,3.95246
sx,0.146769,0.00130449
sz,0.853231,0.00130449
mag,0.853019,0.0013153
mag2,0.74609,0.00195586
mag4,0.596105,0.00254244
ising_order,0.00263297,0.00263297
corr_x,1
