name, average, error
steps,273266,35717.6
times,257.235,33.8272
sx,0.00043,9.49182e-05
sz,0.99957,9.49182e-05
mag,0.000222,0.000323344
mag2,0.999432,0.000118721
mag4,0.999331,0.000134574
ising_order,0.0031,0.0031
corr_x,1
