name, average, error
steps,273266,35717.6
times,39.4963,5.17534
sx,0.185424,0.00137904
sz,0.814576,0.00137904
mag,0.813156,0.00140694
mag2,0.695427,0.0018657
mag4,0.543259,0.00221212
ising_order,0.00242032,0.00242032
corr_x,1
