name, average, error
steps,273266,35717.6
times,172.748,22.6304
sx,0.246978,0.0019633
sz,0.753022,0.0019633
mag,0.290542,0.00401606
mag2,0.666745,0.0023514
mag4,0.595076,0.00256931
ising_order,0.0031,0.0031
corr_x,1
