name, average, error
steps,273266,35717.6
times,5.48637,0.738044
sx,0.021479,3.42583e-05
sz,0.978521,3.42583e-05
mag,0.978521,3.42583e-05
mag2,0.957539,6.66604e-05
mag4,0.917019,0.000126258
ising_order,0.00285934,0.00285934
corr_x,1
