name, average, error
steps,273266,35717.6
times,7.13458,0.954934
sx,0.069891,0.000189
sz,0.930109,0.000189
mag,0.930109,0.000189
mag2,0.86608,0.000346767
mag4,0.753427,0.000587197
ising_order,0.00285934,0.00285934
corr_x,1
