name, average, error
steps,273266,35717.6
times,30.8708,4.0659
sx,0.152938,0.000825759
sz,0.847062,0.000825759
mag,0.846844,0.000878611
mag2,0.73675,0.0011796
mag4,0.583756,0.00149489
ising_order,0.00203391,0.00203391
corr_x,1
