name, average, error
steps,273266,35717.6
times,6.60778,0.886771
sx,0.021912,3.59942e-05
sz,0.978088,3.59942e-05
mag,0.978088,3.59942e-05
mag2,0.9567,6.98751e-05
mag4,0.915438,0.000131718
ising_order,0.00285934,0.00285934
corr_x,1
