name, average, error
steps,273266,35717.6
times,10.0147,1.33221
sx,0.797015,0.00105712
sz,0.202985,0.00105712
mag,0.171389,0.00128088
mag2,0.0603834,0.000492128
mag4,0.00892069,0.000125161
ising_order,1.02851e-05,1.02851e-05
corr_x,1
