name, average, error
steps,273266,35717.6
times,114.087,14.9287
sx,0.317005,0.00248346
sz,0.682995,0.00248346
mag,0.435981,0.00502563
mag2,0.565713,0.00312547
mag4,0.463011,0.00364118
ising_order,0.00103423,0.00103423
corr_x,1
