name, average, error
steps,273266,35717.6
times,82.9558,10.8527
sx,0.309801,0.00166617
sz,0.690199,0.00166617
mag,0.680005,0.00170335
mag2,0.540165,0.00205139
mag4,0.389579,0.0022833
ising_order,0.000662823,0.000662823
corr_x,1
