name, average, error
steps,273266,35717.6
times,5.54775,0.747274
sx,0.020945,3.5626e-05
sz,0.979055,3.5626e-05
mag,0.979055,3.5626e-05
mag2,0.958575,6.921e-05
mag4,0.918964,0.000130647
ising_order,0.00285934,0.00285934
corr_x,1
