name, average, error
steps,273266,35717.6
times,9.10622,1.21429
sx,0.360273,0.000545765
sz,0.639727,0.000545765
mag,0.639727,0.000545765
mag2,0.418671,0.000653349
mag4,0.190451,0.000532963
ising_order,0.00040176,0.00040176
corr_x,1
