name, average, error
steps,273266,35717.6
times,5.47985,0.738712
sx,0.02228,5.57249e-05
sz,0.97772,5.57249e-05
mag,0.97772,5.57249e-05
mag2,0.955988,0.000108526
mag4,0.914107,0.000205897
ising_order,0.00285934,0.00285934
corr_x,1
