name, average, error
steps,273266,35717.6
times,6.93458,0.923767
sx,0.022854,5.7749e-05
sz,0.977146,5.7749e-05
mag,0.977146,5.7749e-05
mag2,0.954875,0.000112063
mag4,0.912015,0.000211065
ising_order,0.00285934,0.00285934
corr_x,1
