name, average, error
steps,273266,35717.6
times,5.44934,0.732991
sx,0.029845,9.58054e-05
sz,0.970155,9.58054e-05
mag,0.970155,9.58054e-05
mag2,0.941384,0.000184042
mag4,0.886882,0.000339801
ising_order,0.00285934,0.00285934
corr_x,1
