name, average, error
steps,273266,35717.6
times,5.38785,0.725773
sx,0.066318,0.000223691
sz,0.933682,0.000223691
mag,0.933682,0.000223691
mag2,0.872615,0.000415348
mag4,0.764391,0.000718428
ising_order,0.00185906,0.00185906
corr_x,1
