name, average, error
steps,273266,35717.6
times,5.59356,0.753277
sx,0.021516,3.61459e-05
sz,0.978484,3.61459e-05
mag,0.978484,3.61459e-05
mag2,0.957467,7.02366e-05
mag4,0.916881,0.000132649
ising_order,0.00285934,0.00285934
corr_x,1
