name, average, error
steps,273266,35717.6
times,4.97893,0.673615
sx,0.39468,0.000583451
sz,0.60532,0.000583451
mag,0.60532,0.000583451
mag2,0.372884,0.000680797
mag4,0.148418,0.000504132
ising_order,0.000263595,0.000263595
corr_x,1
