name, average, error
steps,273266,35717.6
times,6.83518,0.909597
sx,0.023609,6.36351e-05
sz,0.976391,6.36351e-05
mag,0.976391,6.36351e-05
mag2,0.953414,0.000123962
mag4,0.90928,0.000235301
ising_order,0.00263297,0.00263297
corr_x,1
