name, average, error
steps,273266,35717.6
times,5.41893,0.730695
sx,0.066666,0.000195433
sz,0.933334,0.000195433
mag,0.933334,0.000195433
mag2,0.871984,0.000362678
mag4,0.763346,0.00062728
ising_order,0.00263297,0.00263297
corr_x,1
