name, average, error
steps,273266,35717.6
times,5.47546,0.737468
sx,0.025783,5.49119e-05
sz,0.974217,5.49119e-05
mag,0.974217,5.49119e-05
mag2,0.949211,0.00010671
mag4,0.90142,0.00020161
ising_order,0.00263297,0.00263297
corr_x,1
